Draw Date,Winning Numbers,Mega Ball,Multiplier
05/17/02,15 18 25 33 47,30,
05/21/02,04 28 39 41 44,9,
05/24/02,02 04 32 44 52,36,
05/28/02,06 21 22 29 32,24,
05/31/02,12 28 45 46 52,47,
06/04/02,03 25 29 30 48,48,
06/07/02,14 22 27 28 42,13,
06/11/02,05 06 09 33 44,52,
06/14/02,04 08 32 37 43,2,
06/18/02,06 13 18 27 45,18,
06/21/02,13 18 32 39 49,6,
06/25/02,04 18 21 27 41,50,
06/28/02,18 31 49 50 51,4,
07/02/02,14 22 32 35 44,6,
07/05/02,11 20 26 29 41,41,
07/09/02,26 29 31 44 48,40,
07/12/02,13 19 23 38 47,15,
07/16/02,10 24 35 49 52,47,
07/19/02,07 15 24 37 46,9,
07/23/02,10 12 29 32 38,7,
07/26/02,20 27 28 37 49,32,
07/30/02,02 06 22 27 44,1,
08/02/02,10 16 23 28 31,7,
08/06/02,02 06 38 40 50,14,
08/09/02,07 17 23 43 44,26,
08/13/02,03 10 15 18 25,52,
08/16/02,22 31 33 44 52,43,
08/20/02,02 13 20 23 43,6,
08/23/02,05 19 20 45 48,44,
08/27/02,02 05 11 18 45,22,
08/30/02,06 31 32 42 51,42,
09/03/02,08 23 36 49 51,10,
09/06/02,31 39 42 49 51,35,
09/10/02,04 06 10 21 25,21,
09/13/02,24 32 37 40 51,12,
09/17/02,07 10 19 26 44,5,
09/20/02,01 02 04 05 46,8,
09/24/02,08 32 34 42 50,21,
09/27/02,23 27 30 33 36,5,
10/01/02,07 21 30 32 37,15,
10/04/02,10 42 43 45 51,1,
10/08/02,18 34 43 47 50,25,
10/11/02,09 11 17 26 41,29,
10/15/02,06 20 27 34 51,22,
10/18/02,10 31 40 48 51,38,
10/22/02,16 20 26 36 48,32,
10/25/02,08 15 34 39 47,4,
10/29/02,09 10 14 41 49,35,
11/01/02,05 10 22 23 43,37,
11/05/02,02 07 16 28 36,47,
11/08/02,17 19 37 47 48,14,
11/12/02,03 28 45 48 50,24,
11/15/02,06 17 44 49 51,39,
11/19/02,07 16 20 40 52,8,
11/22/02,11 16 19 22 46,5,
11/26/02,03 21 27 31 43,34,
11/29/02,08 25 33 42 49,40,
12/03/02,01 15 19 40 51,26,
12/06/02,04 08 30 36 52,48,
12/10/02,03 05 09 16 31,28,
12/13/02,02 13 14 24 46,34,
12/17/02,03 07 21 29 49,46,
12/20/02,10 14 41 46 49,52,
12/24/02,08 24 39 43 52,43,
12/27/02,11 14 26 30 39,3,
12/31/02,08 21 29 42 51,34,
01/03/03,06 14 28 37 46,3,
01/07/03,15 16 28 34 51,33,
01/10/03,07 17 18 34 50,18,
01/14/03,30 39 41 47 52,27,
01/17/03,25 26 38 42 46,27,
01/21/03,04 41 48 50 51,23,
01/24/03,16 31 37 40 41,5,
01/28/03,13 24 26 32 47,34,
01/31/03,01 08 09 19 22,21,
02/04/03,05 12 16 22 24,48,
02/07/03,03 09 20 26 27,50,
02/11/03,18 20 23 48 49,10,
02/14/03,11 13 19 32 47,21,
02/18/03,12 22 29 42 50,11,
02/21/03,21 28 29 40 51,20,
02/25/03,02 04 06 37 47,38,
02/28/03,11 16 26 48 49,13,
03/04/03,02 26 36 37 41,22,
03/07/03,07 10 32 36 41,33,
03/11/03,10 15 26 28 39,10,
03/14/03,03 06 14 31 33,8,
03/18/03,13 14 16 29 49,29,
03/21/03,06 17 18 40 50,8,
03/25/03,15 21 37 40 42,7,
03/28/03,08 12 21 27 29,15,
04/01/03,07 12 26 45 47,36,
04/04/03,06 22 28 31 40,18,
04/08/03,08 10 24 38 45,6,
04/11/03,15 26 27 38 39,46,
04/15/03,16 29 31 39 52,21,
04/18/03,05 15 24 50 52,3,
04/22/03,03 09 15 28 52,7,
04/25/03,01 12 32 48 51,29,
04/29/03,06 08 09 33 35,32,
05/02/03,02 05 19 32 34,52,
05/06/03,05 14 32 44 52,24,
05/09/03,01 10 20 22 28,39,
05/13/03,17 20 47 49 50,34,
05/16/03,05 10 16 26 39,52,
05/20/03,02 16 36 44 49,3,
05/23/03,12 20 31 33 50,17,
05/27/03,10 11 17 20 26,3,
05/30/03,01 21 28 33 51,3,
06/03/03,04 20 25 29 32,20,
06/06/03,10 14 28 39 40,35,
06/10/03,14 15 23 32 52,37,
06/13/03,12 15 16 20 51,33,
06/17/03,27 31 34 40 52,1,
06/20/03,01 02 03 12 37,35,
06/24/03,02 26 43 44 47,31,
06/27/03,01 14 20 31 40,43,
07/01/03,28 32 39 45 48,31,
07/04/03,06 07 22 37 46,8,
07/08/03,02 09 27 29 35,18,
07/11/03,01 04 10 16 18,10,
07/15/03,01 26 33 43 48,22,
07/18/03,29 30 34 38 44,39,
07/22/03,01 05 31 38 47,3,
07/25/03,33 46 47 50 51,30,
07/29/03,01 17 19 32 42,33,
08/01/03,02 11 27 30 33,46,
08/05/03,07 32 34 38 44,49,
08/08/03,06 09 35 40 43,42,
08/12/03,08 11 18 35 51,26,
08/15/03,01 16 20 41 52,13,
08/19/03,07 11 24 28 52,16,
08/22/03,04 19 31 32 51,31,
08/26/03,09 28 42 44 49,47,
08/29/03,08 11 17 42 52,10,
09/02/03,22 26 27 32 39,14,
09/05/03,07 09 28 41 42,19,
09/09/03,14 15 30 39 46,30,
09/12/03,16 22 23 38 46,45,
09/16/03,15 20 24 30 46,42,
09/19/03,13 14 24 34 47,13,
09/23/03,05 16 24 49 51,28,
09/26/03,05 29 32 45 52,29,
09/30/03,02 26 37 40 46,49,
10/03/03,19 21 30 31 52,51,
10/07/03,01 02 22 40 41,43,
10/10/03,04 19 36 42 48,13,
10/14/03,18 19 21 33 40,29,
10/17/03,14 20 31 46 48,18,
10/21/03,18 34 46 51 52,38,
10/24/03,08 09 16 30 31,15,
10/28/03,06 09 20 40 47,26,
10/31/03,06 12 13 36 46,3,
11/04/03,16 24 43 44 45,22,
11/07/03,06 18 23 26 30,31,
11/11/03,02 05 17 21 22,43,
11/14/03,03 13 31 41 42,52,
11/18/03,04 11 25 30 52,36,
11/21/03,14 26 28 36 42,14,
11/25/03,22 32 37 40 41,52,
11/28/03,19 26 31 44 50,19,
12/02/03,10 13 24 34 49,4,
12/05/03,01 12 15 18 44,42,
12/09/03,04 14 15 24 48,41,
12/12/03,09 16 32 45 46,26,
12/16/03,16 24 31 46 47,47,
12/19/03,05 10 17 35 39,38,
12/23/03,02 13 21 22 49,52,
12/26/03,01 10 17 20 29,36,
12/30/03,12 18 21 32 46,49,
01/02/04,07 08 36 44 48,9,
01/06/04,07 13 15 25 32,9,
01/09/04,24 32 38 47 49,12,
01/13/04,03 17 18 21 45,21,
01/16/04,12 26 41 44 49,44,
01/20/04,05 07 14 21 45,36,
01/23/04,10 18 33 46 51,13,
01/27/04,06 10 20 38 50,27,
01/30/04,17 28 30 40 51,44,
02/03/04,09 21 26 35 41,17,
02/06/04,01 06 16 30 49,13,
02/10/04,03 07 10 22 32,23,
02/13/04,14 30 42 43 45,30,
02/17/04,02 08 34 36 52,21,
02/20/04,01 13 20 21 30,24,
02/24/04,06 11 43 49 52,21,
02/27/04,02 09 24 36 52,44,
03/02/04,25 30 35 40 50,4,
03/05/04,30 40 47 49 52,3,
03/09/04,16 23 29 36 51,49,
03/12/04,04 29 32 35 36,11,
03/16/04,03 28 45 49 51,52,
03/19/04,06 09 14 32 50,4,
03/23/04,12 22 35 39 46,32,
03/26/04,08 10 17 37 49,20,
03/30/04,03 27 31 41 45,33,
04/02/04,08 17 25 46 47,13,
04/06/04,08 17 29 32 39,49,
04/09/04,02 08 10 11 23,40,
04/13/04,13 36 39 50 51,34,
04/16/04,06 24 29 42 51,41,
04/20/04,12 22 37 46 48,49,
04/23/04,08 22 25 47 48,27,
04/27/04,01 10 17 23 35,45,
04/30/04,15 21 32 39 50,34,
05/04/04,03 15 29 37 39,40,
05/07/04,14 17 19 44 50,17,
05/11/04,09 25 30 34 37,30,
05/14/04,10 19 32 36 46,6,
05/18/04,02 36 44 46 51,45,
05/21/04,04 20 27 38 49,31,
05/25/04,05 18 34 36 39,43,
05/28/04,13 27 36 39 51,33,
06/01/04,07 16 17 26 48,15,
06/04/04,04 16 18 41 47,46,
06/08/04,17 24 29 37 45,43,
06/11/04,12 28 36 39 52,36,
06/15/04,18 23 27 29 44,24,
06/18/04,07 10 11 15 51,23,
06/22/04,09 10 17 41 52,19,
06/25/04,18 19 29 32 42,32,
06/29/04,10 13 19 28 38,1,
07/02/04,10 25 38 39 50,12,
07/06/04,06 07 08 31 48,19,
07/09/04,11 23 25 29 45,16,
07/13/04,13 31 37 39 52,38,
07/16/04,03 21 22 35 44,7,
07/20/04,06 15 21 32 44,13,
07/23/04,05 12 25 35 37,12,
07/27/04,08 10 11 13 24,46,
07/30/04,16 19 21 34 35,22,
08/03/04,01 02 13 16 22,31,
08/06/04,04 23 33 38 49,7,
08/10/04,18 25 29 31 44,33,
08/13/04,14 31 41 45 48,20,
08/17/04,22 23 26 28 36,10,
08/20/04,12 17 34 37 39,34,
08/24/04,02 05 21 47 50,46,
08/27/04,05 25 38 46 47,14,
08/31/04,14 15 25 42 44,3,
09/03/04,04 14 34 38 44,10,
09/07/04,13 30 36 38 51,35,
09/10/04,11 17 27 45 52,5,
09/14/04,12 35 37 38 50,49,
09/17/04,03 16 25 38 49,4,
09/21/04,01 03 15 19 29,39,
09/24/04,11 26 30 49 50,52,
09/28/04,01 18 39 42 50,35,
10/01/04,08 10 17 24 39,52,
10/05/04,08 34 39 48 49,47,
10/08/04,16 17 21 33 41,6,
10/12/04,04 18 19 39 51,13,
10/15/04,04 08 24 30 36,25,
10/19/04,06 13 19 34 50,33,
10/22/04,03 07 20 24 43,36,
10/26/04,14 25 39 43 49,27,
10/29/04,10 18 26 31 41,48,
11/02/04,24 32 42 49 50,3,
11/05/04,03 29 30 41 43,1,
11/09/04,11 20 26 28 52,7,
11/12/04,05 31 33 35 51,1,
11/16/04,09 10 27 28 30,18,
11/19/04,01 12 24 36 51,38,
11/23/04,08 30 32 35 51,17,
11/26/04,07 09 18 37 43,34,
11/30/04,10 20 22 28 52,4,
12/03/04,12 32 37 41 52,13,
12/07/04,01 19 22 32 49,29,
12/10/04,22 23 37 42 47,15,
12/14/04,14 27 32 34 40,2,
12/17/04,16 34 38 42 47,1,
12/21/04,07 22 27 31 38,12,
12/24/04,09 20 22 41 42,10,
12/28/04,18 29 32 38 43,50,
12/31/04,10 14 45 47 51,20,
01/04/05,03 06 07 12 32,30,
01/07/05,02 08 14 15 51,38,
01/11/05,02 23 24 35 45,18,
01/14/05,15 19 24 40 47,50,
01/18/05,10 23 28 39 51,5,
01/21/05,17 27 39 40 41,21,
01/25/05,02 10 21 25 45,22,
01/28/05,25 31 39 47 52,43,
02/01/05,03 17 21 42 44,35,
02/04/05,03 12 14 30 52,34,
02/08/05,08 11 14 23 25,21,
02/11/05,06 14 21 24 50,28,
02/15/05,03 16 20 21 38,10,
02/18/05,01 19 31 35 42,34,
02/22/05,15 18 28 41 45,27,
02/25/05,04 13 37 38 50,24,
03/01/05,01 08 18 39 48,1,
03/04/05,07 10 13 35 39,21,
03/08/05,08 14 15 22 31,13,
03/11/05,18 19 31 35 36,17,
03/15/05,14 26 27 34 44,27,
03/18/05,02 09 28 29 48,33,
03/22/05,06 11 27 37 43,34,
03/25/05,11 18 19 45 49,2,
03/29/05,07 17 18 30 42,38,
04/01/05,11 19 28 32 45,10,
04/05/05,04 19 45 51 52,22,
04/08/05,05 13 17 33 35,35,
04/12/05,15 20 43 47 50,24,
04/15/05,25 26 37 39 49,29,
04/19/05,05 06 14 42 47,3,
04/22/05,23 25 43 46 49,26,
04/26/05,18 22 33 34 42,16,
04/29/05,02 05 07 28 46,21,
05/03/05,07 17 42 46 52,47,
05/06/05,07 12 25 50 51,19,
05/10/05,11 25 38 40 42,40,
05/13/05,21 23 27 33 39,8,
05/17/05,07 09 10 29 44,17,
05/20/05,03 06 27 40 44,9,
05/24/05,09 28 39 40 45,24,
05/27/05,07 17 22 34 50,24,
05/31/05,05 13 22 37 38,11,
06/03/05,04 06 14 28 47,42,
06/07/05,07 14 28 46 47,25,
06/10/05,14 29 31 37 50,34,
06/14/05,01 10 29 48 49,36,
06/17/05,16 35 40 49 50,34,
06/21/05,09 13 40 46 50,30,
06/24/05,14 43 44 50 56,7,
06/28/05,02 20 37 43 46,4,
07/01/05,14 25 41 42 50,40,
07/05/05,22 38 48 50 55,29,
07/08/05,09 23 45 48 50,3,
07/12/05,05 17 32 39 53,36,
07/15/05,09 13 25 36 48,2,
07/19/05,07 13 48 51 54,11,
07/22/05,07 18 27 35 54,34,
07/26/05,01 10 18 29 55,8,
07/29/05,04 16 23 25 40,22,
08/02/05,17 22 39 50 52,46,
08/05/05,03 05 48 50 53,4,
08/09/05,13 35 36 43 52,5,
08/12/05,08 37 38 45 54,21,
08/16/05,09 15 20 24 55,3,
08/19/05,02 13 18 36 46,36,
08/23/05,06 07 08 13 40,12,
08/26/05,05 20 38 47 54,35,
08/30/05,19 32 42 49 56,29,
09/02/05,01 04 14 45 53,33,
09/06/05,01 08 27 31 50,40,
09/09/05,15 28 43 51 52,11,
09/13/05,13 24 44 48 52,30,
09/16/05,05 16 41 46 50,1,
09/20/05,35 36 40 42 52,45,
09/23/05,06 07 20 41 51,38,
09/27/05,14 17 26 27 28,5,
09/30/05,01 03 14 30 52,10,
10/04/05,12 24 28 29 36,41,
10/07/05,02 04 23 27 36,37,
10/11/05,24 30 42 53 54,20,
10/14/05,06 20 24 25 34,44,
10/18/05,03 12 16 32 33,15,
10/21/05,11 17 28 29 36,42,
10/25/05,07 12 18 31 55,30,
10/28/05,08 17 25 28 53,1,
11/01/05,05 18 21 28 36,20,
11/04/05,07 09 41 53 54,38,
11/08/05,08 16 21 25 27,16,
11/11/05,09 14 34 50 51,40,
11/15/05,02 04 05 40 48,7,
11/18/05,08 18 21 42 46,11,
11/22/05,09 22 37 41 43,30,
11/25/05,05 25 31 33 34,41,
11/29/05,07 08 47 51 52,5,
12/02/05,03 12 21 38 44,45,
12/06/05,06 10 26 30 33,16,
12/09/05,14 15 31 32 43,20,
12/13/05,09 10 12 22 41,4,
12/16/05,14 25 26 31 56,17,
12/20/05,06 20 23 40 56,36,
12/23/05,10 37 39 49 54,8,
12/27/05,11 24 27 49 55,23,
12/30/05,14 20 25 40 44,37,
01/03/06,15 19 20 32 38,21,
01/06/06,08 11 28 37 53,12,
01/10/06,07 27 32 37 38,30,
01/13/06,05 21 27 44 53,36,
01/17/06,24 32 37 39 40,44,
01/20/06,18 22 28 44 53,46,
01/24/06,31 34 36 51 55,4,
01/27/06,02 07 08 18 29,46,
01/31/06,01 35 53 54 56,44,
02/03/06,29 31 32 41 52,42,
02/07/06,02 16 25 30 48,26,
02/10/06,24 39 40 43 46,2,
02/14/06,27 36 43 49 54,33,
02/17/06,16 25 31 43 46,28,
02/21/06,14 23 27 36 45,36,
02/24/06,03 05 12 16 34,27,
02/28/06,02 04 35 36 48,22,
03/03/06,25 29 38 39 46,4,
03/07/06,15 27 36 38 42,32,
03/10/06,04 17 18 51 54,31,
03/14/06,27 28 30 42 50,22,
03/17/06,08 11 23 48 52,5,
03/21/06,04 16 17 28 31,8,
03/24/06,01 02 17 47 49,19,
03/28/06,14 18 35 39 49,14,
03/31/06,04 07 19 50 52,15,
04/04/06,09 25 48 51 56,7,
04/07/06,01 18 31 46 52,37,
04/11/06,02 12 45 46 56,20,
04/14/06,08 10 18 29 33,10,
04/18/06,13 14 25 34 50,6,
04/21/06,02 04 07 27 41,4,
04/25/06,01 20 32 37 39,9,
04/28/06,16 29 32 36 55,12,
05/02/06,07 11 22 27 31,33,
05/05/06,08 20 39 53 55,10,
05/09/06,07 15 24 43 44,22,
05/12/06,06 36 39 45 52,45,
05/16/06,07 24 40 48 50,15,
05/19/06,05 12 31 51 56,1,
05/23/06,17 21 28 48 54,1,
05/26/06,12 14 20 47 48,24,
05/30/06,02 13 28 34 45,36,
06/02/06,03 10 18 36 38,41,
06/06/06,05 29 35 52 53,9,
06/09/06,08 17 18 26 47,37,
06/13/06,01 20 23 24 33,29,
06/16/06,27 30 36 38 45,13,
06/20/06,11 21 37 53 54,12,
06/23/06,13 17 24 34 56,24,
06/27/06,02 14 20 29 44,32,
06/30/06,20 40 46 48 54,27,
07/04/06,09 15 31 42 45,41,
07/07/06,07 15 27 46 56,39,
07/11/06,05 14 34 36 52,42,
07/14/06,13 25 26 28 56,39,
07/18/06,12 13 29 49 52,20,
07/21/06,18 26 35 36 43,24,
07/25/06,07 21 24 41 51,10,
07/28/06,02 13 23 32 35,4,
08/01/06,14 29 32 43 49,14,
08/04/06,02 24 31 50 55,44,
08/08/06,01 05 13 18 33,30,
08/11/06,14 16 38 40 49,29,
08/15/06,10 12 22 44 48,16,
08/18/06,05 12 13 46 50,10,
08/22/06,03 04 05 07 36,16,
08/25/06,17 24 35 46 54,33,
08/29/06,15 25 37 38 52,4,
09/01/06,05 06 51 53 55,12,
09/05/06,01 32 36 42 53,4,
09/08/06,09 17 34 52 53,2,
09/12/06,03 16 25 30 44,42,
09/15/06,06 26 33 39 55,1,
09/19/06,02 19 44 45 56,43,
09/22/06,07 12 17 22 43,16,
09/26/06,03 06 38 42 45,30,
09/29/06,03 25 43 45 55,40,
10/03/06,06 19 32 33 40,39,
10/06/06,01 11 20 21 46,18,
10/10/06,14 30 35 40 43,2,
10/13/06,24 27 42 47 50,8,
10/17/06,06 18 20 28 38,37,
10/20/06,09 13 23 29 54,34,
10/24/06,05 25 41 48 51,35,
10/27/06,15 22 26 30 32,31,
10/31/06,05 34 40 45 46,21,
11/03/06,08 10 22 25 55,22,
11/07/06,13 22 33 51 52,42,
11/10/06,11 42 52 53 55,28,
11/14/06,09 20 24 25 36,23,
11/17/06,05 19 25 30 50,42,
11/21/06,07 13 20 42 47,9,
11/24/06,14 35 40 47 48,35,
11/28/06,07 14 24 41 56,7,
12/01/06,16 22 23 37 53,35,
12/05/06,06 09 13 43 46,45,
12/08/06,01 15 29 32 45,8,
12/12/06,20 30 31 35 49,23,
12/15/06,06 07 17 28 40,39,
12/19/06,09 32 37 42 48,7,
12/22/06,05 12 15 25 34,43,
12/26/06,07 12 25 44 53,3,
12/29/06,03 04 10 39 50,29,
01/02/07,09 10 38 51 53,1,
01/05/07,02 12 44 46 51,6,
01/09/07,07 11 26 38 54,13,
01/12/07,12 14 26 40 42,22,
01/16/07,04 08 15 33 52,10,
01/19/07,04 28 30 31 35,17,
01/23/07,03 05 15 26 53,35,
01/26/07,16 17 36 49 54,14,
01/30/07,14 18 44 52 56,25,
02/02/07,22 33 35 40 53,15,
02/06/07,16 21 35 36 46,38,
02/09/07,32 39 46 48 49,41,
02/13/07,03 09 24 29 41,41,
02/16/07,17 35 40 46 48,41,
02/20/07,01 09 26 46 51,11,
02/23/07,03 18 21 38 50,43,
02/27/07,18 31 44 45 48,18,
03/02/07,14 21 33 35 51,43,
03/06/07,16 22 29 39 42,20,
03/09/07,10 13 25 42 43,30,
03/13/07,07 11 16 38 49,35,
03/16/07,17 25 36 40 43,9,
03/20/07,07 21 46 49 55,15,
03/23/07,18 21 35 51 53,36,
03/27/07,18 25 34 35 42,6,
03/30/07,15 23 37 48 53,22,
04/03/07,16 26 33 34 46,38,
04/06/07,24 32 34 36 39,6,
04/10/07,07 15 16 19 28,10,
04/13/07,11 14 21 25 26,33,
04/17/07,01 04 11 31 47,37,
04/20/07,01 09 10 23 53,40,
04/24/07,08 10 35 36 43,14,
04/27/07,05 07 26 38 56,15,
05/01/07,11 16 31 52 53,42,
05/04/07,04 09 20 45 55,34,
05/08/07,16 24 41 43 54,36,
05/11/07,28 30 33 48 54,25,
05/15/07,06 13 42 46 56,42,
05/18/07,13 23 24 30 44,5,
05/22/07,02 07 11 22 36,35,
05/25/07,10 14 22 42 43,1,
05/29/07,02 24 44 51 54,7,
06/01/07,12 19 29 32 48,9,
06/05/07,27 35 38 49 56,15,
06/08/07,06 26 29 31 39,31,
06/12/07,03 13 19 31 50,21,
06/15/07,01 05 16 26 30,21,
06/19/07,05 16 31 49 54,19,
06/22/07,11 14 21 24 31,23,
06/26/07,04 10 20 29 45,21,
06/29/07,01 17 40 51 52,7,
07/03/07,21 35 37 39 40,35,
07/06/07,03 09 12 25 47,37,
07/10/07,19 24 30 34 56,19,
07/13/07,07 39 41 48 53,21,
07/17/07,16 30 38 46 51,5,
07/20/07,06 13 30 41 52,26,
07/24/07,08 17 20 23 50,17,
07/27/07,07 12 35 54 55,2,
07/31/07,05 18 37 39 43,42,
08/03/07,16 29 42 46 51,40,
08/07/07,36 41 50 55 56,9,
08/10/07,10 20 32 33 54,39,
08/14/07,05 08 09 24 34,17,
08/17/07,02 08 33 38 53,12,
08/21/07,08 38 54 55 56,2,
08/24/07,04 21 46 51 53,5,
08/28/07,37 40 48 53 56,44,
08/31/07,08 18 22 40 44,11,
09/04/07,03 06 11 42 46,38,
09/07/07,14 19 27 34 48,3,
09/11/07,09 10 17 21 35,6,
09/14/07,05 09 12 33 40,27,
09/18/07,20 24 31 34 49,8,
09/21/07,05 21 23 33 45,43,
09/25/07,02 19 23 47 54,16,
09/28/07,04 13 20 25 33,42,
10/02/07,28 37 40 43 44,20,
10/05/07,10 19 37 40 48,1,
10/09/07,01 10 17 32 51,44,
10/12/07,21 26 34 44 54,23,
10/16/07,01 02 05 41 44,25,
10/19/07,05 15 18 23 46,14,
10/23/07,02 07 45 52 53,18,
10/26/07,12 20 24 38 51,3,
10/30/07,02 08 44 46 51,22,
11/02/07,01 03 34 49 52,19,
11/06/07,03 17 43 46 47,2,
11/09/07,11 33 41 42 46,21,
11/13/07,15 26 36 39 40,45,
11/16/07,12 13 30 31 39,29,
11/20/07,14 20 23 42 43,6,
11/23/07,18 21 33 42 56,11,
11/27/07,09 10 26 29 39,10,
11/30/07,05 06 12 26 51,7,
12/04/07,16 27 30 45 53,43,
12/07/07,12 18 26 28 51,35,
12/11/07,06 25 27 30 45,46,
12/14/07,04 07 12 17 30,44,
12/18/07,03 23 46 48 49,2,
12/21/07,14 19 20 43 53,7,
12/28/07,02 19 22 28 54,25,
01/01/08,13 16 25 30 54,11,
01/04/08,24 31 39 40 56,32,
01/08/08,10 29 45 52 54,10,
01/11/08,22 36 42 45 55,42,
01/15/08,21 30 42 44 50,6,
01/18/08,12 22 33 43 44,15,
01/22/08,12 15 22 25 33,2,
01/25/08,05 12 22 38 56,22,
01/29/08,08 23 39 40 42,24,
02/01/08,03 14 30 44 56,5,
02/05/08,04 05 17 40 51,38,
02/08/08,21 30 43 46 50,18,
02/12/08,14 27 39 47 50,12,
02/15/08,07 11 26 30 53,14,
02/19/08,01 38 42 55 56,34,
02/22/08,07 12 13 19 22,10,
02/26/08,09 12 30 36 55,15,
02/29/08,05 17 22 26 55,38,
03/04/08,07 15 30 33 56,22,
03/07/08,19 32 33 41 48,12,
03/11/08,04 13 35 41 47,44,
03/14/08,03 12 18 25 52,21,
03/18/08,13 15 20 25 44,37,
03/21/08,05 08 17 19 41,21,
03/25/08,38 42 43 48 53,12,
03/28/08,07 26 27 40 43,10,
04/01/08,04 17 26 46 56,25,
04/04/08,03 05 40 45 49,17,
04/08/08,08 09 31 37 44,38,
04/11/08,14 18 27 31 42,7,
04/15/08,12 13 27 48 50,30,
04/18/08,24 28 36 50 53,29,
04/22/08,03 22 31 48 54,9,
04/25/08,19 32 37 45 52,41,
04/29/08,19 24 35 44 51,26,
05/02/08,08 28 37 53 55,26,
05/06/08,04 21 46 53 54,26,
05/09/08,16 31 43 46 56,22,
05/13/08,20 24 27 31 47,15,
05/16/08,06 11 39 46 47,26,
05/20/08,02 14 26 32 41,32,
05/23/08,04 08 11 22 30,4,
05/27/08,14 24 32 45 49,17,
05/30/08,39 40 47 53 55,32,
06/03/08,04 19 24 32 54,5,
06/06/08,08 09 43 44 54,27,
06/10/08,03 05 15 43 51,11,
06/13/08,08 09 14 38 44,36,
06/17/08,05 14 25 47 49,36,
06/20/08,11 17 25 36 42,13,
06/24/08,10 22 36 50 53,39,
06/27/08,08 14 22 39 50,44,
07/01/08,01 22 33 43 52,36,
07/04/08,01 03 12 19 20,28,
07/08/08,01 20 22 29 41,35,
07/11/08,05 14 16 39 51,34,
07/15/08,19 24 34 45 51,40,
07/18/08,17 29 36 53 55,26,
07/22/08,02 16 23 29 32,46,
07/25/08,02 16 19 35 52,17,
07/29/08,11 13 20 30 42,3,
08/01/08,09 13 17 18 56,2,
08/05/08,09 21 36 38 55,13,
08/08/08,11 17 28 32 50,33,
08/12/08,02 07 23 38 40,40,
08/15/08,08 23 29 30 53,7,
08/19/08,09 18 19 26 40,38,
08/22/08,12 13 15 41 42,37,
08/26/08,06 16 24 34 36,30,
08/29/08,21 25 26 50 51,22,
09/02/08,14 23 43 44 54,39,
09/05/08,01 06 15 27 46,39,
09/09/08,22 23 28 49 52,2,
09/12/08,01 12 14 25 35,38,
09/16/08,13 24 39 51 52,44,
09/19/08,02 09 41 48 51,37,
09/23/08,09 32 34 43 52,4,
09/26/08,06 13 14 31 36,36,
09/30/08,09 30 35 39 49,36,
10/03/08,13 28 32 41 52,16,
10/07/08,02 25 35 38 42,34,
10/10/08,14 15 43 46 48,21,
10/14/08,14 35 41 42 51,23,
10/17/08,07 15 27 28 31,35,
10/21/08,16 19 39 42 44,38,
10/24/08,05 33 34 47 52,18,
10/28/08,06 39 45 46 48,36,
10/31/08,02 07 17 29 47,40,
11/04/08,10 21 23 41 55,9,
11/07/08,14 24 32 43 44,21,
11/11/08,05 27 38 42 55,41,
11/14/08,03 18 19 30 34,3,
11/18/08,10 15 22 52 53,12,
11/21/08,01 22 52 53 56,45,
11/25/08,02 11 22 51 52,46,
11/28/08,10 30 44 46 48,44,
12/02/08,02 17 22 32 51,35,
12/05/08,21 27 46 52 55,14,
12/09/08,11 12 26 31 33,27,
12/12/08,10 16 19 27 48,25,
12/16/08,10 14 16 29 40,6,
12/19/08,03 13 16 39 54,32,
12/23/08,01 08 13 27 41,45,
12/26/08,06 19 29 33 37,31,
12/30/08,01 22 29 44 52,39,
01/02/09,02 11 19 21 34,38,
01/06/09,03 11 12 19 33,30,
01/09/09,23 25 30 45 50,8,
01/13/09,22 25 33 36 48,40,
01/16/09,02 04 21 39 51,29,
01/20/09,01 09 10 35 46,9,
01/23/09,02 17 20 27 28,7,
01/27/09,03 11 12 14 21,25,
01/30/09,13 16 19 53 55,2,
02/03/09,04 15 29 43 56,29,
02/06/09,02 12 18 28 31,3,
02/10/09,18 29 38 43 47,7,
02/13/09,25 36 37 40 51,20,
02/17/09,01 09 23 27 33,24,
02/20/09,21 28 41 45 55,24,
02/24/09,01 27 28 35 40,6,
02/27/09,24 37 44 50 56,35,
03/03/09,26 32 35 43 52,10,
03/06/09,11 18 37 46 55,45,
03/10/09,02 27 31 39 40,23,
03/13/09,10 12 26 46 50,23,
03/17/09,09 15 24 28 31,17,
03/20/09,15 16 20 39 40,26,
03/24/09,04 25 34 43 44,45,
03/27/09,10 15 24 38 50,19,
03/31/09,14 39 47 48 53,29,
04/03/09,16 22 38 39 48,42,
04/07/09,02 04 13 17 36,15,
04/10/09,18 25 36 42 51,22,
04/14/09,04 11 22 48 50,42,
04/17/09,05 13 26 35 45,32,
04/21/09,05 24 37 47 52,6,
04/24/09,09 20 21 48 49,7,
04/28/09,15 20 24 36 44,6,
05/01/09,09 16 24 40 43,35,
05/05/09,05 23 38 39 54,3,
05/08/09,12 27 29 32 34,34,
05/12/09,04 08 10 14 51,31,
05/15/09,07 12 24 36 48,27,
05/19/09,02 04 09 15 42,13,
05/22/09,03 29 34 42 49,29,
05/26/09,09 18 21 37 55,33,
05/29/09,23 30 36 39 48,34,
06/02/09,09 13 26 30 35,33,
06/05/09,05 20 38 41 52,20,
06/09/09,05 17 31 36 56,46,
06/12/09,06 11 20 32 44,38,
06/16/09,09 15 21 26 45,25,
06/19/09,04 09 12 16 46,44,
06/23/09,12 14 16 31 50,9,
06/26/09,11 15 17 29 46,16,
06/30/09,07 34 49 54 55,34,
07/03/09,05 06 07 11 25,31,
07/07/09,25 27 35 38 39,28,
07/10/09,05 10 26 27 28,4,
07/14/09,20 29 35 45 53,41,
07/17/09,08 17 40 47 50,13,
07/21/09,03 08 21 50 52,2,
07/24/09,03 06 43 51 52,36,
07/28/09,04 17 24 25 48,34,
07/31/09,17 35 44 52 56,22,
08/04/09,01 28 34 42 50,27,
08/07/09,07 18 35 45 56,3,
08/11/09,06 12 15 32 42,40,
08/14/09,08 22 25 33 35,46,
08/18/09,04 05 26 37 56,25,
08/21/09,09 38 44 48 49,13,
08/25/09,03 12 19 22 40,2,
08/28/09,01 17 31 37 54,31,
09/01/09,02 09 28 51 53,19,
09/04/09,02 04 06 21 44,37,
09/08/09,04 10 18 28 50,35,
09/11/09,16 27 48 49 54,2,
09/15/09,29 30 32 35 41,39,
09/18/09,18 27 31 36 52,33,
09/22/09,26 29 33 39 46,24,
09/25/09,07 27 42 49 52,19,
09/29/09,02 21 25 45 50,21,
10/02/09,15 24 51 53 55,11,
10/06/09,09 33 51 53 56,39,
10/09/09,03 14 21 24 51,14,
10/13/09,17 31 34 45 51,24,
10/16/09,10 13 18 33 51,43,
10/20/09,13 17 25 45 55,8,
10/23/09,27 45 48 54 56,2,
10/27/09,07 13 37 46 51,2,
10/30/09,04 15 17 29 38,20,
11/03/09,05 18 23 31 38,20,
11/06/09,07 11 27 40 46,8,
11/10/09,08 21 29 34 37,15,
11/13/09,27 43 45 49 54,44,
11/17/09,08 22 27 49 50,28,
11/20/09,03 04 07 16 56,39,
11/24/09,10 11 35 37 50,12,
11/27/09,12 25 37 39 45,11,
12/01/09,17 30 39 52 53,21,
12/04/09,04 33 41 51 56,38,
12/08/09,20 23 28 30 46,29,
12/11/09,02 21 27 34 44,45,
12/15/09,27 31 32 36 47,35,
12/18/09,10 20 30 44 49,24,
12/22/09,03 33 35 39 45,13,
12/29/09,02 05 29 35 51,3,
01/01/10,06 08 27 40 41,21,
01/05/10,13 28 39 50 55,10,
01/08/10,18 20 31 36 43,33,
01/12/10,05 09 31 37 56,16,
01/15/10,04 07 19 21 38,29,
01/19/10,04 05 34 38 41,18,
01/22/10,08 13 27 28 52,9,
01/26/10,07 08 38 39 48,22,
01/29/10,01 10 22 23 38,19,
02/02/10,06 07 26 27 49,9,
02/05/10,10 20 45 51 53,41,
02/09/10,02 17 20 26 48,12,
02/12/10,14 16 17 33 47,23,
02/16/10,11 12 21 29 45,5,
02/19/10,01 22 39 42 46,36,
02/23/10,04 16 36 40 53,18,
02/26/10,04 14 29 54 56,40,
03/02/10,09 12 47 48 56,25,
03/05/10,11 31 34 44 52,32,
03/09/10,14 16 18 19 29,16,
03/12/10,02 15 25 48 53,41,
03/16/10,03 22 48 52 56,13,
03/19/10,10 31 45 50 54,25,
03/23/10,03 25 28 29 40,13,
03/26/10,23 41 46 47 52,22,
03/30/10,01 11 24 38 44,41,
04/02/10,02 17 22 30 31,19,
04/06/10,16 43 44 52 56,26,
04/09/10,15 18 39 48 53,3,
04/13/10,03 12 27 39 47,32,
04/16/10,10 16 31 48 50,44,
04/20/10,05 08 10 34 42,25,
04/23/10,19 26 28 37 52,18,
04/27/10,23 37 41 50 55,6,
04/30/10,14 20 41 47 53,40,
05/04/10,09 21 31 36 43,8,
05/07/10,02 07 20 34 50,40,
05/11/10,26 33 43 46 54,9,
05/14/10,20 21 40 47 56,12,
05/18/10,11 13 19 37 40,26,
05/21/10,15 20 23 26 30,17,
05/25/10,05 14 17 19 24,25,
05/28/10,03 11 20 29 39,26,
06/01/10,12 27 44 45 51,30,
06/04/10,12 13 15 17 50,23,
06/08/10,12 18 28 48 54,6,
06/11/10,06 13 33 34 42,25,
06/15/10,04 12 13 21 27,46,
06/18/10,11 36 37 41 55,7,
06/22/10,12 17 21 23 30,24,
06/25/10,01 02 13 19 27,21,
06/29/10,03 04 15 27 37,35,
07/02/10,01 10 12 32 36,25,
07/06/10,08 18 45 47 50,36,
07/09/10,01 31 33 34 50,41,
07/13/10,07 11 14 15 34,14,
07/16/10,02 15 18 20 39,34,
07/20/10,12 18 28 36 43,19,
07/23/10,16 19 39 44 49,26,
07/27/10,02 07 10 16 29,8,
07/30/10,11 30 40 48 52,42,
08/03/10,04 13 20 22 56,32,
08/06/10,07 13 30 33 54,30,
08/10/10,02 14 26 50 56,12,
08/13/10,06 17 24 43 55,36,
08/17/10,11 19 40 43 44,33,
08/20/10,04 13 20 29 48,36,
08/24/10,04 23 24 28 32,31,
08/27/10,04 10 26 32 41,31,
08/31/10,10 20 29 47 48,38,
09/03/10,10 13 20 28 36,9,
09/07/10,08 18 22 24 38,23,
09/10/10,11 12 17 21 23,20,
09/14/10,06 14 50 55 56,1,
09/17/10,03 04 14 18 27,13,
09/21/10,03 20 43 47 52,26,
09/24/10,02 28 38 42 55,25,
09/28/10,02 10 13 36 38,18,
10/01/10,03 08 21 28 52,43,
10/05/10,10 19 24 37 44,27,
10/08/10,24 29 37 48 50,19,
10/12/10,10 31 36 37 43,15,
10/15/10,09 10 13 31 50,10,
10/19/10,02 09 14 37 42,41,
10/22/10,02 07 18 32 53,18,
10/26/10,15 21 30 31 32,26,
10/29/10,04 19 26 28 39,14,
11/02/10,01 03 12 16 54,46,
11/05/10,19 25 34 46 53,15,
11/09/10,08 26 28 33 53,11,
11/12/10,09 26 28 35 38,10,
11/16/10,01 26 27 39 46,21,
11/19/10,07 14 31 51 54,35,
11/23/10,02 06 12 34 35,33,
11/26/10,05 09 34 43 47,8,
11/30/10,11 16 19 47 53,2,
12/03/10,06 11 12 18 56,12,
12/07/10,04 38 45 53 54,9,
12/10/10,23 27 33 44 46,36,
12/14/10,18 22 25 31 38,29,
12/17/10,11 20 26 46 53,12,
12/21/10,08 11 12 31 32,29,
12/24/10,15 16 27 40 52,16,
12/28/10,06 18 36 40 49,7,
12/31/10,10 12 13 35 56,9,
01/04/11,04 08 15 25 47,42,
01/07/11,04 22 42 46 53,20,
01/11/11,01 04 11 16 45,37,
01/14/11,02 15 17 33 35,8,
01/18/11,04 27 29 38 45,5,4
01/21/11,05 09 21 35 38,20,4
01/25/11,05 08 31 46 50,4,4
01/28/11,14 33 48 49 50,18,4
02/01/11,16 22 23 26 35,31,4
02/04/11,06 20 29 48 55,6,4
02/08/11,25 35 36 47 48,18,2
02/11/11,08 09 17 32 34,13,2
02/15/11,17 18 24 35 39,18,4
02/18/11,05 06 07 30 45,42,3
02/22/11,15 22 23 48 55,31,4
02/25/11,04 05 17 19 50,7,4
03/01/11,01 12 19 20 47,25,3
03/04/11,08 10 15 23 41,7,4
03/08/11,03 17 19 41 55,24,4
03/11/11,14 19 21 42 45,6,2
03/15/11,10 11 12 28 43,45,4
03/18/11,14 33 34 54 56,37,4
03/22/11,01 14 35 50 53,43,4
03/25/11,22 24 31 52 54,4,4
03/29/11,06 15 23 34 38,43,4
04/01/11,13 14 35 36 53,19,3
04/05/11,01 19 20 31 36,9,2
04/08/11,06 40 45 50 56,11,3
04/12/11,10 23 39 41 45,15,2
04/15/11,22 23 33 39 48,29,3
04/19/11,20 24 32 45 51,43,4
04/22/11,03 18 46 51 53,17,3
04/26/11,19 29 32 38 55,15,3
04/29/11,09 10 11 33 51,29,4
05/03/11,01 16 29 36 50,16,2
05/06/11,06 18 26 37 41,9,3
05/10/11,11 16 34 40 51,34,4
05/13/11,03 33 39 47 53,9,4
05/17/11,01 02 17 25 48,45,4
05/20/11,10 17 19 45 48,30,4
05/24/11,09 12 21 42 43,42,3
05/27/11,05 07 14 28 56,10,4
05/31/11,28 30 31 37 55,13,3
06/03/11,20 23 41 49 53,31,3
06/07/11,29 32 35 47 52,13,4
06/10/11,18 21 27 37 38,7,3
06/14/11,09 10 20 51 53,24,4
06/17/11,12 29 46 47 51,24,4
06/21/11,11 24 25 31 46,17,3
06/24/11,10 14 40 49 51,4,3
06/28/11,12 17 27 47 48,33,4
07/01/11,12 17 30 35 47,26,4
07/05/11,01 10 13 18 46,19,2
07/08/11,01 02 22 37 50,45,3
07/12/11,03 09 11 44 49,9,4
07/15/11,16 29 30 46 56,6,3
07/19/11,02 09 10 16 35,40,4
07/22/11,23 31 32 39 56,38,4
07/26/11,20 25 35 52 55,10,3
07/29/11,08 10 22 47 48,35,4
08/02/11,14 17 19 20 32,28,4
08/05/11,06 24 28 33 42,19,3
08/09/11,11 19 39 45 54,15,4
08/12/11,09 43 51 54 55,13,4
08/16/11,04 38 41 42 43,44,4
08/19/11,05 15 53 54 56,22,2
08/23/11,11 21 44 48 49,23,3
08/26/11,02 03 27 30 47,36,3
08/30/11,02 22 25 28 50,18,4
09/02/11,25 44 48 49 55,20,3
09/06/11,01 36 38 42 49,19,4
09/09/11,07 12 19 23 31,45,4
09/13/11,22 31 43 48 56,45,4
09/16/11,06 23 41 45 56,24,4
09/20/11,06 29 38 50 51,39,4
09/23/11,27 31 32 40 52,36,4
09/27/11,02 20 28 36 45,37,4
09/30/11,03 19 21 44 45,29,4
10/04/11,03 26 40 45 52,11,3
10/07/11,05 15 19 23 38,19,4
10/11/11,25 34 38 44 56,27,4
10/14/11,13 35 42 45 54,26,4
10/18/11,24 25 45 47 53,42,2
10/21/11,06 21 35 37 38,17,3
10/25/11,13 33 40 44 46,8,4
10/28/11,13 31 49 52 56,41,4
11/01/11,27 31 39 40 46,36,3
11/04/11,26 30 32 33 44,1,4
11/08/11,05 31 45 47 54,4,4
11/11/11,02 16 22 29 50,27,4
11/15/11,03 06 24 30 33,21,4
11/18/11,04 13 33 39 55,3,4
11/22/11,04 16 23 33 48,38,2
11/25/11,22 28 42 49 54,43,3
11/29/11,17 29 43 48 52,36,4
12/02/11,24 30 48 51 56,45,4
12/06/11,07 21 29 35 49,39,4
12/09/11,04 12 29 49 51,44,4
12/13/11,05 06 22 26 41,6,4
12/16/11,02 04 26 36 39,27,3
12/20/11,20 24 27 45 51,31,4
12/23/11,03 05 08 18 29,14,4
12/27/11,23 32 33 39 43,8,3
12/30/11,04 24 45 46 52,1,4
01/03/12,02 03 15 22 36,23,2
01/06/12,09 17 28 34 48,46,2
01/10/12,04 10 16 38 48,34,3
01/13/12,10 27 28 37 51,19,3
01/17/12,03 15 31 36 53,27,2
01/20/12,01 09 28 38 47,8,2
01/24/12,10 22 24 36 49,33,4
01/27/12,03 05 30 36 48,23,4
01/31/12,09 17 18 28 43,9,3
02/03/12,07 19 21 49 53,35,4
02/07/12,17 23 30 37 45,4,4
02/10/12,03 04 18 29 50,20,4
02/14/12,03 05 10 26 27,27,2
02/17/12,16 25 28 32 40,3,3
02/21/12,09 30 39 42 47,37,3
02/24/12,01 16 18 25 27,3,4
02/28/12,06 15 29 39 51,36,3
03/02/12,16 29 48 52 54,5,2
03/06/12,20 24 31 33 36,44,4
03/09/12,09 10 27 36 42,11,4
03/13/12,02 08 30 36 48,31,3
03/16/12,28 29 43 51 53,7,3
03/20/12,01 04 06 11 14,30,4
03/23/12,06 17 19 20 21,20,4
03/27/12,09 19 34 44 51,24,3
03/30/12,02 04 23 38 46,23,3
04/03/12,11 35 38 41 52,40,4
04/06/12,02 19 20 24 33,39,4
04/10/12,02 06 12 31 48,25,4
04/13/12,09 14 17 36 42,33,4
04/17/12,01 16 24 32 48,2,4
04/20/12,14 23 26 33 35,40,3
04/24/12,03 09 15 37 38,39,4
04/27/12,02 05 45 46 47,37,4
05/01/12,24 27 31 45 52,38,4
05/04/12,04 11 21 42 53,38,4
05/08/12,02 06 08 18 51,19,3
05/11/12,03 15 29 35 54,8,4
05/15/12,10 11 12 14 24,6,4
05/18/12,03 11 22 34 49,1,4
05/22/12,10 14 35 43 52,16,2
05/25/12,09 15 21 40 54,11,4
05/29/12,02 14 29 53 55,31,3
06/01/12,02 27 38 46 52,45,3
06/05/12,37 39 42 53 55,22,3
06/08/12,04 09 34 40 48,25,3
06/12/12,02 09 17 34 50,45,4
06/15/12,08 12 18 30 40,4,3
06/19/12,11 21 27 30 53,11,2
06/22/12,10 16 19 32 36,13,3
06/26/12,03 16 23 35 36,20,4
06/29/12,28 34 39 45 53,34,4
07/03/12,03 04 24 36 52,45,4
07/06/12,20 23 28 35 39,21,3
07/10/12,03 11 19 23 36,21,4
07/13/12,06 07 13 24 46,34,2
07/17/12,01 13 21 49 55,17,4
07/20/12,02 44 48 50 52,3,3
07/24/12,05 09 38 46 51,5,4
07/27/12,02 03 04 08 43,26,3
07/31/12,05 18 21 29 41,37,3
08/03/12,02 10 13 38 46,2,3
08/07/12,30 32 33 42 48,7,4
08/10/12,10 18 36 38 44,8,4
08/14/12,15 23 34 39 55,32,4
08/17/12,08 20 24 35 56,24,3
08/21/12,05 13 20 23 33,30,2
08/24/12,25 34 45 46 49,34,2
08/28/12,04 09 40 45 50,39,4
08/31/12,31 40 41 47 48,45,3
09/04/12,16 32 39 41 53,16,3
09/07/12,15 32 38 42 46,31,4
09/11/12,05 11 20 33 36,11,3
09/14/12,16 17 21 40 51,20,4
09/18/12,05 09 22 36 49,36,3
09/21/12,03 13 14 46 55,34,4
09/25/12,07 08 23 50 51,26,3
09/28/12,06 08 14 43 56,28,4
10/02/12,10 11 20 42 55,9,4
10/05/12,08 09 16 32 39,15,3
10/09/12,06 15 16 22 37,3,4
10/12/12,06 10 24 26 42,15,4
10/16/12,13 37 40 46 52,29,4
10/19/12,14 34 36 48 53,42,3
10/23/12,01 17 42 46 55,1,2
10/26/12,04 15 24 36 40,44,2
10/30/12,05 12 18 29 56,38,4
11/02/12,04 18 22 38 44,24,3
11/06/12,03 05 13 32 35,6,3
11/09/12,18 22 33 35 40,11,4
11/13/12,06 12 31 46 56,34,2
11/16/12,05 24 26 29 53,36,4
11/20/12,09 13 22 38 52,44,4
11/23/12,08 37 44 47 48,27,4
11/27/12,05 12 26 42 49,24,4
11/30/12,11 22 24 28 31,46,3
12/04/12,03 19 24 32 43,44,4
12/07/12,07 43 44 51 56,4,3
12/11/12,39 44 51 52 54,13,4
12/14/12,11 28 33 41 43,41,4
12/18/12,01 06 07 18 29,16,3
12/21/12,03 18 32 41 56,19,3
12/25/12,02 03 18 34 48,36,4
12/28/12,10 13 32 40 41,32,4
01/01/13,04 11 21 25 44,29,4
01/04/13,01 02 23 25 55,39,4
01/08/13,03 20 21 38 42,19,4
01/11/13,24 29 30 34 56,1,4
01/15/13,01 06 12 19 41,14,4
01/18/13,08 18 25 42 49,14,3
01/22/13,07 11 16 39 54,13,3
01/25/13,11 12 17 31 48,1,4
01/29/13,08 12 27 46 47,6,3
02/01/13,01 30 32 40 41,17,3
02/05/13,02 05 10 26 44,46,4
02/08/13,06 15 20 39 50,5,4
02/12/13,09 22 32 38 55,44,3
02/15/13,11 35 41 42 44,42,4
02/19/13,01 15 19 30 56,28,3
02/22/13,09 13 24 38 49,30,3
02/26/13,06 07 13 15 43,7,4
03/01/13,17 30 38 43 51,20,4
03/05/13,06 20 39 41 46,42,3
03/08/13,04 11 25 34 35,44,4
03/12/13,09 12 19 20 30,39,4
03/15/13,04 08 17 22 32,8,2
03/19/13,03 06 14 21 37,35,3
03/22/13,14 27 34 37 41,38,4
03/26/13,20 33 46 49 51,46,4
03/29/13,25 31 36 46 53,21,4
04/02/13,07 10 14 40 47,34,4
04/05/13,08 15 23 36 41,5,3
04/09/13,17 30 41 48 54,13,4
04/12/13,01 10 13 19 21,28,3
04/16/13,02 05 15 18 39,42,2
04/19/13,06 08 12 22 43,28,4
04/23/13,09 21 22 32 50,10,3
04/26/13,17 42 49 54 55,31,4
04/30/13,21 30 34 39 49,43,3
05/03/13,02 20 34 42 54,39,2
05/07/13,01 06 13 20 51,31,4
05/10/13,01 19 20 39 49,28,4
05/14/13,06 10 12 28 32,38,4
05/17/13,11 15 35 43 49,41,4
05/21/13,02 15 17 48 55,11,4
05/24/13,04 05 16 18 53,28,4
05/28/13,04 12 25 32 54,36,4
05/31/13,02 20 26 44 46,26,3
06/04/13,10 11 12 20 55,19,3
06/07/13,01 10 37 48 55,21,4
06/11/13,15 40 45 50 53,28,4
06/14/13,02 05 31 33 34,20,4
06/18/13,06 17 34 40 48,30,2
06/21/13,03 14 17 40 50,3,3
06/25/13,03 05 28 33 51,16,2
06/28/13,08 15 35 46 52,38,4
07/02/13,36 42 51 52 53,40,4
07/05/13,02 23 41 47 54,42,4
07/09/13,03 21 43 45 48,14,2
07/12/13,04 05 25 27 51,10,3
07/16/13,10 14 21 40 53,20,2
07/19/13,16 20 24 39 42,46,3
07/23/13,25 32 35 50 51,46,3
07/26/13,04 22 23 27 38,42,4
07/30/13,25 27 36 42 44,39,3
08/02/13,08 21 23 25 39,4,2
08/06/13,01 11 16 51 55,41,3
08/09/13,11 20 30 34 38,12,3
08/13/13,02 31 32 37 41,40,4
08/16/13,07 13 26 36 46,37,4
08/20/13,13 28 35 38 41,33,3
08/23/13,01 09 17 20 53,14,4
08/27/13,04 07 30 36 38,38,4
08/30/13,06 19 24 43 44,33,2
09/03/13,04 13 14 28 41,28,3
09/06/13,02 16 17 22 41,31,4
09/10/13,02 12 18 54 56,1,3
09/13/13,09 22 28 48 54,8,4
09/17/13,06 15 27 31 39,25,2
09/20/13,01 15 20 21 47,34,2
09/24/13,04 11 32 39 40,33,3
09/27/13,09 23 27 49 51,38,2
10/01/13,07 10 30 37 53,1,3
10/04/13,04 16 24 25 44,5,3
10/08/13,06 15 19 23 40,5,3
10/11/13,03 27 37 45 48,46,4
10/15/13,04 23 30 43 50,11,4
10/22/13,02 03 19 52 71,14,5
10/25/13,06 16 45 54 60,15,2
10/29/13,20 33 50 53 54,7,3
11/01/13,32 35 49 62 67,1,5
11/05/13,02 11 42 64 74,2,5
11/08/13,41 42 51 57 65,7,2
11/12/13,20 30 32 42 71,15,5
11/15/13,25 44 49 54 63,8,4
11/19/13,14 15 29 49 63,2,3
11/22/13,17 23 35 36 44,8,3
11/26/13,27 44 59 74 75,3,5
11/29/13,09 41 43 47 57,5,4
12/03/13,07 12 41 44 59,3,3
12/06/13,11 29 44 63 64,3,3
12/10/13,05 12 22 41 65,13,2
12/13/13,19 24 26 27 70,12,2
12/17/13,08 14 17 20 39,7,4
12/20/13,03 04 31 49 57,6,2
12/24/13,23 34 53 58 73,2,3
12/27/13,04 15 35 48 49,11,5
12/31/13,08 12 34 52 58,8,3
01/03/14,22 24 25 40 70,5,5
01/07/14,13 34 56 62 64,6,5
01/10/14,08 28 36 37 57,8,3
01/14/14,04 23 26 62 69,13,3
01/17/14,01 10 26 31 51,11,4
01/21/14,08 23 33 45 52,4,4
01/24/14,22 45 46 47 65,10,5
01/28/14,07 16 28 53 60,2,3
01/31/14,03 09 13 47 52,8,4
02/04/14,25 44 49 60 73,9,3
02/07/14,11 21 23 35 64,10,3
02/11/14,43 64 67 71 73,4,2
02/14/14,20 28 35 71 72,7,3
02/18/14,23 29 31 37 70,14,5
02/21/14,23 29 32 45 46,15,5
02/25/14,12 18 25 35 66,15,5
02/28/14,03 31 50 58 59,6,4
03/04/14,10 29 31 35 45,10,2
03/07/14,11 13 51 57 69,1,4
03/11/14,09 14 56 57 69,10,4
03/14/14,07 20 40 54 69,12,3
03/18/14,11 19 24 33 51,7,3
03/21/14,02 23 30 35 53,10,5
03/25/14,19 26 51 57 73,15,3
03/28/14,02 03 09 50 73,12,3
04/01/14,10 23 68 74 75,9,5
04/04/14,01 10 15 41 54,9,2
04/08/14,35 36 41 60 71,3,3
04/11/14,03 42 44 47 57,8,5
04/15/14,04 39 46 47 70,13,3
04/18/14,18 25 38 45 63,9,2
04/22/14,02 18 19 49 50,1,3
04/25/14,03 11 18 20 66,9,2
04/29/14,07 43 59 61 66,3,3
05/02/14,01 18 26 35 40,13,5
05/06/14,18 20 27 48 51,5,3
05/09/14,10 28 39 51 59,14,2
05/13/14,37 46 48 70 74,1,2
05/16/14,13 14 16 50 56,11,5
05/20/14,10 40 63 64 69,7,2
05/23/14,12 14 21 38 70,15,4
05/27/14,01 06 10 46 58,13,2
05/30/14,10 13 42 43 62,2,4
06/03/14,19 28 62 66 74,6,3
06/06/14,12 29 37 49 72,9,4
06/10/14,02 10 24 26 74,7,5
06/13/14,07 38 46 49 56,1,5
06/17/14,10 14 24 47 60,3,4
06/20/14,01 22 25 29 56,3,5
06/24/14,13 17 24 47 65,10,4
06/27/14,15 29 31 46 64,10,3
07/01/14,09 22 38 47 49,15,3
07/04/14,16 33 39 58 69,2,5
07/08/14,14 25 27 48 49,9,5
07/11/14,09 13 30 35 69,10,5
07/15/14,02 04 17 36 40,5,2
07/18/14,05 08 59 65 72,3,3
07/22/14,14 18 22 31 47,15,3
07/25/14,22 29 33 41 68,12,5
07/29/14,02 08 16 43 74,1,4
08/01/14,13 29 34 37 72,6,5
08/05/14,25 28 36 45 53,6,5
08/08/14,09 16 61 70 75,7,5
08/12/14,32 53 60 63 68,6,4
08/15/14,16 19 28 29 68,9,2
08/19/14,22 39 56 67 71,15,4
08/22/14,05 31 34 41 74,3,5
08/26/14,29 31 51 60 64,1,5
08/29/14,03 26 45 58 73,12,2
09/02/14,01 08 54 69 72,1,3
09/05/14,07 12 20 24 59,7,2
09/09/14,25 34 55 70 71,1,4
09/12/14,18 28 33 36 42,7,3
09/16/14,25 45 51 53 73,2,2
09/19/14,16 25 27 29 34,2,2
09/23/14,21 24 25 40 43,12,5
09/26/14,17 26 35 46 62,9,5
09/30/14,03 16 52 54 61,6,5
10/03/14,03 20 34 58 67,6,3
10/07/14,16 29 46 48 55,2,3
10/10/14,02 32 35 50 59,3,5
10/14/14,11 37 46 64 68,15,3
10/17/14,21 31 43 56 60,12,4
10/21/14,05 35 37 41 66,11,5
10/24/14,02 14 21 28 55,3,3
10/28/14,03 50 57 58 60,11,5
10/31/14,11 29 36 58 67,15,2
11/04/14,09 15 24 39 41,1,4
11/07/14,31 35 41 65 66,5,5
11/11/14,23 25 28 30 75,11,5
11/14/14,03 49 61 62 68,15,5
11/18/14,37 39 53 68 75,6,2
11/21/14,03 12 35 37 63,15,2
11/25/14,10 11 29 47 56,4,2
11/28/14,08 26 29 36 47,10,3
12/02/14,13 18 22 49 62,11,5
12/05/14,04 05 11 51 59,5,5
12/09/14,27 45 49 51 52,14,5
12/12/14,02 31 46 58 65,7,5
12/16/14,41 58 68 72 73,1,5
12/19/14,14 18 58 59 68,4,3
12/23/14,04 10 31 56 66,7,3
12/26/14,02 05 10 20 38,14,3
12/30/14,03 07 44 63 67,12,4
01/02/15,13 15 35 62 74,12,4
01/06/15,12 20 27 38 75,4,3
01/09/15,37 49 50 56 57,8,5
01/13/15,12 20 25 50 51,7,5
01/16/15,26 32 44 45 58,11,3
01/20/15,31 35 56 59 63,6,5
01/23/15,14 15 32 68 72,8,2
01/27/15,05 26 27 44 57,7,3
01/30/15,18 31 39 45 55,6,5
02/03/15,11 22 25 58 69,13,5
02/06/15,05 06 17 33 68,13,3
02/10/15,07 42 53 58 71,15,2
02/13/15,04 20 44 65 74,14,3
02/17/15,06 45 50 65 66,1,5
02/20/15,02 06 08 52 66,13,3
02/24/15,15 23 26 45 66,4,3
02/27/15,07 49 53 60 64,4,2
03/03/15,09 11 42 44 50,3,4
03/06/15,30 48 55 68 73,5,3
03/10/15,10 14 19 30 73,14,5
03/13/15,08 22 30 42 45,3,5
03/17/15,11 27 44 45 58,3,5
03/20/15,07 50 54 61 75,7,4
03/24/15,02 23 32 45 55,12,2
03/27/15,17 21 36 58 70,3,5
03/31/15,08 26 41 61 73,11,5
04/03/15,10 36 47 63 74,2,5
04/07/15,05 15 22 26 64,6,4
04/10/15,06 11 32 46 68,9,2
04/14/15,03 07 25 68 71,3,5
04/17/15,15 18 29 41 50,5,2
04/21/15,31 33 35 41 69,11,5
04/24/15,24 25 29 47 67,4,4
04/28/15,22 27 55 58 63,11,5
05/01/15,17 18 61 66 74,3,3
05/05/15,11 21 42 62 71,7,5
05/08/15,09 21 25 66 72,7,3
05/12/15,14 30 33 36 44,2,5
05/15/15,11 17 21 36 74,15,5
05/19/15,10 12 21 29 65,10,5
05/22/15,03 14 15 25 48,8,5
05/26/15,01 39 52 69 72,12,4
05/29/15,20 27 38 49 66,2,4
06/02/15,02 09 11 22 23,12,4
06/05/15,07 22 27 41 49,10,4
06/09/15,06 16 17 25 36,7,5
06/12/15,01 40 42 56 62,2,5
06/16/15,08 19 26 56 67,14,2
06/19/15,04 35 36 52 68,8,3
06/23/15,06 13 38 56 70,2,5
06/26/15,12 23 33 47 50,3,5
06/30/15,11 17 34 43 50,15,4
07/03/15,33 50 64 71 72,9,4
07/07/15,06 15 16 28 49,14,3
07/10/15,24 27 45 51 54,8,3
07/14/15,19 24 30 35 72,5,3
07/17/15,06 17 30 31 41,15,3
07/21/15,20 30 62 65 74,1,5
07/24/15,10 12 26 60 62,13,5
07/28/15,08 35 61 68 75,15,5
07/31/15,28 32 33 40 46,10,4
08/04/15,02 19 44 51 57,14,2
08/07/15,01 38 53 63 66,10,3
08/11/15,03 08 29 57 68,8,4
08/14/15,12 15 20 52 71,3,4
08/18/15,02 07 33 39 53,9,3
08/21/15,13 15 21 41 72,1,5
08/25/15,05 44 54 59 63,1,5
08/28/15,13 35 40 60 68,9,4
09/01/15,02 05 35 40 54,13,5
09/04/15,17 21 39 52 57,5,5
09/08/15,19 20 36 41 46,7,3
09/11/15,05 11 31 50 67,14,2
09/15/15,07 20 35 49 56,9,4
09/18/15,17 34 35 51 65,7,3
09/22/15,28 30 38 45 51,8,5
09/25/15,03 08 38 51 64,4,5
09/29/15,08 21 30 61 62,9,3
10/02/15,04 14 29 31 47,9,2
10/06/15,17 58 63 64 66,13,3
10/09/15,08 09 21 63 75,14,4
10/13/15,07 09 24 38 52,1,5
10/16/15,02 38 48 61 68,4,3
10/20/15,06 25 35 38 52,4,4
10/23/15,25 32 37 45 70,1,5
10/27/15,09 26 27 29 74,4,3
10/30/15,17 41 51 53 56,15,5
11/03/15,16 29 44 69 74,12,5
11/06/15,10 31 35 50 72,8,3
11/10/15,08 17 20 45 71,4,4
11/13/15,17 18 31 35 59,9,5
11/17/15,12 14 18 24 61,10,3
11/20/15,09 12 29 37 67,15,2
11/24/15,02 19 30 38 70,8,4
11/27/15,16 20 39 56 59,12,3
12/01/15,05 07 25 50 59,12,2
12/04/15,26 42 47 61 73,6,5
12/08/15,07 17 37 49 73,15,3
12/11/15,14 20 43 54 69,5,4
12/15/15,18 25 47 51 61,5,5
12/18/15,06 23 24 28 62,7,5
12/22/15,11 21 40 50 70,15,3
12/25/15,15 25 29 44 51,4,4
12/29/15,20 25 55 62 74,7,3
01/01/16,07 18 37 38 39,9,5
01/05/16,01 04 36 48 57,13,5
01/08/16,11 39 51 57 75,2,5
01/12/16,15 27 29 31 48,15,4
01/15/16,29 41 53 54 70,12,2
01/19/16,02 17 31 39 47,9,2
01/22/16,21 25 40 46 56,3,5
01/26/16,14 27 39 50 69,2,2
01/29/16,20 28 49 51 52,6,2
02/02/16,07 13 25 51 70,9,4
02/05/16,04 06 23 55 75,2,3
02/09/16,03 42 46 56 71,13,4
02/12/16,01 07 44 68 73,1,3
02/16/16,09 31 33 46 64,4,3
02/19/16,02 27 41 50 75,4,4
02/23/16,16 32 39 53 57,10,5
02/26/16,03 15 19 62 74,14,4
03/01/16,01 29 33 34 55,6,5
03/04/16,21 26 33 48 73,14,4
03/08/16,27 37 54 66 69,5,5
03/11/16,14 18 48 54 71,13,4
03/15/16,18 26 30 44 68,7,4
03/18/16,05 08 57 59 73,13,5
03/22/16,06 19 34 38 70,5,5
03/25/16,04 11 12 35 46,12,2
03/29/16,33 38 40 46 49,15,5
04/01/16,25 28 33 41 69,6,2
04/05/16,13 45 52 53 57,10,5
04/08/16,31 38 52 65 71,15,3
04/12/16,07 11 59 62 63,3,5
04/15/16,09 10 34 37 73,9,5
04/19/16,09 28 40 57 65,2,5
04/22/16,02 19 21 42 60,13,5
04/26/16,14 16 17 28 48,2,2
04/29/16,05 06 37 55 74,10,5
05/03/16,28 29 33 36 45,15,5
05/06/16,14 26 27 32 36,7,4
05/10/16,12 22 46 56 74,4,3
05/13/16,20 21 38 54 66,7,4
05/17/16,17 24 27 48 75,6,3
05/20/16,19 24 26 40 68,8,2
05/24/16,11 50 51 70 75,15,4
05/27/16,18 41 50 68 70,9,3
05/31/16,09 31 34 41 49,8,5
06/03/16,32 54 65 66 71,10,3
06/07/16,25 48 51 65 72,4,4
06/10/16,34 61 66 67 68,7,5
06/14/16,36 37 38 52 62,6,5
06/17/16,20 23 30 44 59,9,5
06/21/16,06 13 21 49 50,10,5
06/24/16,11 14 54 57 63,11,5
06/28/16,15 17 20 35 55,7,2
07/01/16,20 41 42 45 49,14,2
07/05/16,29 46 53 64 73,10,5
07/08/16,08 19 20 55 73,5,2
07/12/16,06 08 22 46 68,4,4
07/15/16,16 51 52 56 58,4,2
07/19/16,03 34 54 65 66,4,5
07/22/16,08 24 25 26 30,7,4
07/26/16,01 04 31 36 54,9,3
07/29/16,11 16 19 31 48,4,5
08/02/16,03 12 36 54 70,12,5
08/05/16,05 18 28 54 74,6,4
08/09/16,12 19 20 44 66,1,5
08/12/16,04 41 44 56 69,10,4
08/16/16,02 43 52 62 63,6,5
08/19/16,22 37 45 65 73,13,5
08/23/16,02 07 46 61 66,1,2
08/26/16,10 11 31 41 44,14,2
08/30/16,28 32 41 51 71,11,4
09/02/16,22 28 41 46 60,3,3
09/06/16,25 37 58 69 75,8,3
09/09/16,01 34 43 44 63,11,4
09/13/16,06 15 17 39 56,15,3
09/16/16,13 21 28 34 40,15,3
09/20/16,02 22 34 62 72,2,5
09/23/16,01 05 08 25 62,14,3
09/27/16,14 16 26 53 72,4,4
09/30/16,21 30 47 50 57,9,5
10/04/16,18 29 30 54 66,1,5
10/07/16,24 37 42 50 65,14,2
10/11/16,36 39 42 45 48,3,2
10/14/16,07 27 60 64 74,5,3
10/18/16,07 24 28 65 74,1,2
10/21/16,12 43 44 48 66,3,4
10/25/16,08 09 24 49 67,13,3
10/28/16,07 38 46 57 66,2,5
11/01/16,19 24 31 39 45,13,2
11/04/16,10 29 32 44 46,10,3
11/08/16,46 48 53 61 74,12,4
11/11/16,16 40 47 53 59,11,5
11/15/16,09 17 23 57 71,6,3
11/18/16,31 32 49 55 58,15,5
11/22/16,01 43 45 66 69,7,5
11/25/16,44 47 49 69 75,10,3
11/29/16,22 33 49 51 59,8,4
12/02/16,03 33 35 49 51,1,2
12/06/16,13 34 48 53 63,12,4
12/09/16,19 27 47 67 68,1,5
12/13/16,02 15 26 34 41,14,5
12/16/16,01 08 15 36 43,6,5
12/20/16,01 12 14 48 65,2,5
12/23/16,21 30 39 60 69,15,5
12/27/16,02 28 30 38 39,11,4
12/30/16,06 21 33 39 43,2,2
01/03/17,14 16 23 49 53,12,2
01/06/17,06 10 44 47 54,6,5
01/10/17,11 20 40 41 59,15,5
01/13/17,10 44 58 74 75,11,3
01/17/17,20 31 54 56 59,3,5
01/20/17,07 09 24 41 53,14,3
01/24/17,08 42 54 63 67,11,4
01/27/17,17 37 53 54 61,8,3
01/31/17,03 14 27 62 72,4,3
02/03/17,03 06 29 30 64,3,5
02/07/17,23 28 37 56 71,12,5
02/10/17,32 39 51 62 75,14,5
02/14/17,07 11 33 60 68,15,5
02/17/17,04 56 58 67 75,8,5
02/21/17,09 21 30 32 75,9,5
02/24/17,12 29 33 42 68,14,3
02/28/17,20 33 45 58 69,4,2
03/03/17,14 26 39 48 51,9,5
03/07/17,03 30 45 53 68,11,3
03/10/17,26 38 42 58 70,5,5
03/14/17,16 23 28 33 59,13,3
03/17/17,11 27 31 58 60,10,4
03/21/17,04 45 53 73 75,7,3
03/24/17,05 28 37 61 69,1,5
03/28/17,30 33 35 37 46,10,5
03/31/17,17 24 27 32 58,10,3
04/04/17,13 24 34 35 55,9,5
04/07/17,30 33 43 47 69,15,5
04/11/17,19 34 35 38 49,8,5
04/14/17,05 10 55 60 73,12,5
04/18/17,08 29 30 43 64,6,3
04/21/17,01 12 13 32 34,10,2
04/25/17,03 13 33 40 50,2,4
04/28/17,06 13 18 20 31,13,4
05/02/17,05 14 42 43 58,1,4
05/05/17,04 23 33 47 53,7,4
05/09/17,06 29 45 69 73,11,5
05/12/17,28 34 41 42 47,13,4
05/16/17,04 35 39 56 72,11,5
05/19/17,01 04 05 24 30,1,3
05/23/17,06 13 17 33 60,14,2
05/26/17,25 26 28 37 56,5,3
05/30/17,05 20 32 37 67,5,5
06/02/17,07 42 57 69 72,10,3
06/06/17,03 05 16 49 75,5,3
06/09/17,03 16 28 33 37,9,5
06/13/17,27 51 62 68 75,8,3
06/16/17,18 22 26 30 44,9,5
06/20/17,02 15 41 49 63,3,3
06/23/17,12 20 53 66 74,11,2
06/27/17,04 21 45 52 57,14,4
06/30/17,10 38 51 55 64,6,5
07/04/17,16 39 47 53 71,15,4
07/07/17,02 09 11 28 60,10,5
07/11/17,07 18 24 55 74,10,2
07/14/17,11 12 24 32 73,1,4
07/18/17,08 12 23 51 73,6,4
07/21/17,18 31 36 50 74,10,4
07/25/17,02 05 26 58 60,6,3
07/28/17,04 06 31 49 52,11,3
08/01/17,20 22 52 57 73,7,5
08/04/17,09 17 25 63 71,4,5
08/08/17,11 17 50 52 74,14,2
08/11/17,23 33 53 56 58,6,5
08/15/17,07 16 20 66 73,7,2
08/18/17,01 31 34 40 75,6,3
08/22/17,24 35 46 50 51,7,4
08/25/17,17 38 42 51 65,11,5
08/29/17,02 13 17 35 73,3,3
09/01/17,04 13 31 50 64,12,5
09/05/17,11 17 59 70 72,1,3
09/08/17,04 05 14 26 73,14,3
09/12/17,26 37 41 54 65,3,4
09/15/17,18 24 34 38 58,3,4
09/19/17,09 28 31 50 61,10,2
09/22/17,05 39 54 63 66,15,5
09/26/17,01 10 57 66 75,4,4
09/29/17,25 51 62 73 74,7,5
10/03/17,12 18 19 25 67,7,5
10/06/17,21 33 36 45 56,12,5
10/10/17,07 16 24 61 62,2,5
10/13/17,02 07 18 26 31,12,2
10/17/17,31 45 49 56 70,11,5
10/20/17,06 23 63 66 73,9,2
10/24/17,20 24 34 56 64,6,4
10/27/17,17 27 41 51 52,13,5
10/31/17,06 28 31 52 53,12,4
11/03/17,10 22 42 61 69,3,2
11/07/17,01 54 60 68 69,11,4
11/10/17,06 23 38 42 58,24,2
11/14/17,01 14 21 22 28,19,3
11/17/17,03 26 55 58 70,15,4
11/21/17,03 07 22 27 50,3,3
11/24/17,16 36 54 61 64,22,3
11/28/17,10 17 47 51 61,5,2
12/01/17,16 22 40 41 59,8,4
12/05/17,14 15 37 42 67,22,4
12/08/17,06 37 46 60 70,24,2
12/12/17,08 23 24 25 27,9,2
12/15/17,04 12 36 44 57,19,4
12/19/17,28 37 39 42 58,2,3
12/22/17,01 20 30 33 42,16,4
12/26/17,10 12 20 38 41,25,4
12/29/17,04 10 18 28 62,7,2
01/02/18,01 42 47 64 70,22,4
01/05/18,28 30 39 59 70,10,3
01/09/18,16 29 31 65 67,23,3
01/12/18,17 18 33 46 60,24,4
01/16/18,03 11 23 29 59,18,3
01/19/18,03 17 23 49 66,23,3
01/23/18,02 06 30 31 55,7,4
01/26/18,10 16 27 38 43,1,4
01/30/18,29 41 42 49 57,24,3
02/02/18,01 04 14 17 40,4,3
02/06/18,14 17 25 48 58,25,3
02/09/18,28 34 41 46 47,14,3
02/13/18,05 12 15 46 49,1,4
02/16/18,14 38 48 53 58,16,3
02/20/18,17 19 23 24 43,14,3
02/23/18,07 11 13 19 58,9,4
02/27/18,10 17 21 38 43,23,3
03/02/18,24 28 42 60 64,8,4
03/06/18,01 04 26 35 39,22,5
03/09/18,07 17 18 46 66,22,4
03/13/18,06 30 58 60 61,17,5
03/16/18,01 13 26 33 52,11,3
03/20/18,14 38 51 64 70,9,3
03/23/18,04 08 23 53 59,17,3
03/27/18,07 25 43 56 59,13,3
03/30/18,11 28 31 46 59,1,3
04/03/18,04 29 39 42 62,14,2
04/06/18,16 33 51 54 67,20,4
04/10/18,05 13 31 43 53,20,2
04/13/18,08 09 32 42 59,10,4
04/17/18,12 34 44 47 65,22,4
04/20/18,01 15 18 32 45,4,2
04/24/18,03 19 31 32 48,10,3
04/27/18,02 29 38 63 66,11,2
05/01/18,02 07 20 55 70,1,4
05/04/18,04 05 10 12 18,21,4
05/08/18,08 15 39 64 67,13,2
05/11/18,14 38 40 53 70,22,3
05/15/18,21 34 44 49 61,21,2
05/18/18,09 26 53 64 66,11,2
05/22/18,16 17 21 36 48,9,3
05/25/18,11 14 51 64 68,25,4
05/29/18,02 11 55 58 67,2,3
06/01/18,05 24 52 62 66,17,3
06/05/18,22 33 41 48 52,4,2
06/08/18,14 30 33 44 56,13,2
06/12/18,01 03 05 08 70,3,2
06/15/18,01 11 37 47 51,6,2
06/19/18,11 13 28 65 70,14,3
06/22/18,02 06 11 27 44,20,2
06/26/18,17 25 29 39 60,19,2
06/29/18,02 32 47 49 68,23,4
07/03/18,13 35 45 49 68,23,2
07/06/18,02 10 46 50 56,16,3
07/10/18,01 17 28 56 70,14,3
07/13/18,21 22 39 59 68,2,2
07/17/18,40 41 61 66 67,12,5
07/20/18,01 14 30 44 62,1,2
07/24/18,01 02 04 19 29,20,3
07/27/18,01 32 40 49 63,20,3
07/31/18,12 15 35 64 69,9,2
08/03/18,09 28 30 54 60,2,2
08/07/18,02 13 15 21 62,2,5
08/10/18,01 03 12 22 42,6,5
08/14/18,11 26 44 45 46,11,2
08/17/18,01 31 32 47 56,3,2
08/21/18,14 16 19 38 57,11,3
08/24/18,01 06 13 18 49,8,2
08/28/18,03 20 33 34 41,20,3
08/31/18,07 18 29 32 45,17,3
09/04/18,02 07 25 35 44,3,3
09/07/18,08 10 41 54 68,10,2
09/11/18,15 30 51 62 67,19,2
09/14/18,23 30 40 43 66,13,4
09/18/18,31 32 43 63 68,17,2
09/21/18,01 02 11 52 64,9,4
09/25/18,08 16 32 48 61,12,2
09/28/18,39 45 52 56 59,15,3
10/02/18,02 22 29 31 34,1,3
10/05/18,27 28 32 41 69,12,2
10/09/18,20 22 39 54 60,18,3
10/12/18,04 24 46 61 70,7,3
10/16/18,03 45 49 61 69,9,5
10/19/18,15 23 53 65 70,7,2
10/23/18,05 28 62 65 70,5,3
10/26/18,01 28 61 62 63,5,4
10/30/18,20 31 39 46 49,23,2
11/02/18,03 23 28 46 62,16,2
11/06/18,28 34 37 56 69,12,2
11/09/18,08 14 27 57 67,5,4
11/13/18,34 46 57 65 69,11,3
11/16/18,33 36 63 68 69,16,3
11/20/18,10 16 31 42 66,10,3
11/23/18,07 10 30 33 59,23,4
11/27/18,12 24 37 42 57,18,4
11/30/18,25 28 40 43 63,19,3
12/04/18,28 31 41 42 50,4,3
12/07/18,04 10 20 33 57,13,3
12/11/18,04 38 39 54 59,12,2
12/14/18,05 22 26 43 49,23,4
12/18/18,13 22 32 60 69,9,3
12/21/18,10 13 61 62 70,5,3
12/25/18,02 08 42 43 50,6,3
12/28/18,09 10 25 37 38,21,2
01/01/19,34 44 57 62 70,14,4
01/04/19,21 29 35 54 60,15,4
01/08/19,13 26 29 38 64,5,5
01/11/19,04 05 31 62 69,20,3
01/15/19,29 52 58 60 62,7,2
01/18/19,02 43 48 62 64,24,3
01/22/19,04 15 37 59 64,16,5
01/25/19,08 16 30 38 61,10,2
01/29/19,10 33 53 54 62,22,2
02/01/19,02 37 48 66 68,11,5
02/05/19,03 34 36 59 66,7,2
02/08/19,14 24 31 42 48,13,3
02/12/19,15 32 39 50 65,7,3
02/15/19,10 38 40 43 65,12,2
02/19/19,17 24 34 56 65,3,2
02/22/19,18 24 31 34 55,4,4
02/26/19,10 12 14 24 60,20,3
03/01/19,29 33 39 60 66,21,2
03/05/19,15 20 32 37 52,6,3
03/08/19,04 09 42 62 68,7,4
03/12/19,10 12 16 49 57,18,4
03/15/19,03 29 56 62 64,4,3
03/19/19,10 42 53 67 68,15,3
03/22/19,07 36 58 60 62,10,3
03/26/19,04 14 22 43 58,9,3
03/29/19,05 14 15 62 66,3,3
04/02/19,33 47 58 59 64,25,3
04/05/19,08 22 24 38 64,21,2
04/09/19,11 22 34 44 58,9,2
04/12/19,01 24 25 40 70,4,2
04/16/19,11 29 34 48 54,10,2
04/19/19,18 25 43 44 57,25,4
04/23/19,07 24 30 48 67,9,4
04/26/19,09 17 23 30 46,10,4
04/30/19,24 37 41 61 70,20,3
05/03/19,08 16 22 66 68,11,2
05/07/19,03 06 34 54 63,19,3
05/10/19,03 16 21 61 62,19,2
05/14/19,11 59 66 67 68,18,4
05/17/19,05 17 28 32 63,11,3
05/21/19,10 50 55 56 58,15,5
05/24/19,14 41 44 56 62,10,2
05/28/19,09 21 34 42 50,21,2
05/31/19,07 08 26 65 67,4,3
06/04/19,25 37 46 48 68,25,2
06/07/19,17 19 27 40 68,2,3
06/11/19,20 34 39 43 57,13,3
06/14/19,19 40 47 57 65,6,2
06/18/19,12 14 22 24 48,21,2
06/21/19,13 30 36 48 62,18,3
06/25/19,24 33 45 47 61,17,3
06/28/19,02 35 49 53 63,1,2
07/02/19,03 25 37 40 55,13,2
07/05/19,06 38 47 57 63,12,2
07/09/19,12 26 40 48 64,1,2
07/12/19,08 25 38 56 59,7,2
07/16/19,08 16 31 48 52,23,3
07/19/19,16 18 28 33 67,14,3
07/23/19,01 04 23 40 45,11,2
07/26/19,04 06 11 43 48,11,3
07/30/19,10 24 28 33 38,6,3
08/02/19,11 20 26 48 70,19,2
08/06/19,11 17 31 43 55,16,2
08/09/19,15 53 56 59 63,1,2
08/13/19,07 27 31 34 51,5,3
08/16/19,04 14 24 26 46,14,2
08/20/19,08 14 25 51 63,4,3
08/23/19,11 15 37 54 68,21,2
08/27/19,08 12 23 39 43,6,2
08/30/19,03 09 11 34 39,10,4
09/03/19,13 20 27 61 62,5,2
09/06/19,04 11 13 19 31,10,4
09/10/19,34 47 48 50 55,24,2
09/13/19,06 16 37 59 62,5,2
09/17/19,12 15 30 50 65,1,4
09/20/19,23 24 42 48 53,22,2
09/24/19,06 14 24 42 46,9,4
09/27/19,12 20 31 43 45,20,3
10/01/19,10 17 39 42 59,3,2
10/04/19,11 38 44 48 70,17,2
10/08/19,05 08 10 17 48,23,3
10/11/19,14 22 30 37 60,8,3
10/15/19,04 12 14 35 70,2,2
10/18/19,18 58 60 65 67,20,3
10/22/19,05 11 14 23 25,10,4
10/25/19,16 24 25 52 60,6,3
10/29/19,04 09 17 27 39,22,2
11/01/19,09 20 36 41 54,22,2
11/05/19,02 09 24 49 54,19,3
11/08/19,03 04 10 39 58,14,3
11/12/19,19 30 44 56 65,24,2
11/15/19,12 19 34 35 68,20,2
11/19/19,22 43 44 47 66,22,3
11/22/19,07 12 17 49 53,24,4
11/26/19,08 27 29 38 43,13,2
11/29/19,06 08 31 50 65,9,2
12/03/19,23 43 60 63 69,19,2
12/06/19,20 31 40 46 61,20,5
12/10/19,18 31 46 54 61,25,2
12/13/19,17 21 29 39 56,22,3
12/17/19,22 30 53 55 56,16,2
12/20/19,03 20 23 35 60,16,3
12/24/19,27 37 48 63 66,11,2
12/27/19,17 34 40 63 64,24,4
12/31/19,30 44 49 53 56,11,3
01/03/20,37 41 42 53 63,16,2
01/07/20,25 40 41 52 56,21,4
01/10/20,17 27 49 51 66,2,2
01/14/20,09 11 13 31 47,11,2
01/17/20,03 25 30 54 70,9,3
01/21/20,16 18 29 31 37,8,3
01/24/20,03 04 18 23 38,24,4
01/28/20,17 36 47 51 62,21,3
01/31/20,28 31 33 57 62,19,2
02/04/20,32 48 50 51 64,10,2
02/07/20,09 14 27 36 52,4,3
02/11/20,04 06 32 52 64,6,2
02/14/20,10 32 48 54 55,18,5
02/18/20,06 12 39 61 70,4,3
02/21/20,04 07 13 16 60,6,4
02/25/20,02 09 43 49 63,15,2
02/28/20,02 03 14 41 64,17,2
03/03/20,08 12 33 56 64,2,2
03/06/20,15 48 56 58 70,4,4
03/10/20,06 17 48 54 69,12,5
03/13/20,07 22 37 43 44,22,4
03/17/20,20 27 28 58 59,25,3
03/20/20,34 35 41 45 54,5,4
03/24/20,02 08 16 18 31,14,2
03/27/20,03 25 28 50 60,1,4
03/31/20,08 17 51 57 70,2,4
04/03/20,24 38 44 57 58,17,4
04/07/20,25 33 43 51 68,20,2
04/10/20,02 11 21 57 60,13,2
04/14/20,29 47 65 69 70,7,4
04/17/20,13 35 39 46 55,14,4
04/21/20,13 15 24 67 70,17,2
04/24/20,01 27 32 60 67,18,2
04/28/20,13 19 53 54 63,17,3
05/01/20,28 30 31 35 66,14,2
05/05/20,07 13 17 21 45,14,2
05/08/20,05 20 22 61 70,4,2
05/12/20,07 16 27 44 52,5,5
05/15/20,11 17 32 33 46,25,3
05/19/20,08 19 25 36 66,9,2
05/22/20,08 10 20 44 46,18,4
05/26/20,34 52 58 59 62,4,3
05/29/20,10 13 32 41 51,3,2
06/02/20,09 20 23 26 29,8,3
06/05/20,32 35 37 47 55,22,3
06/09/20,01 05 09 10 23,22,2
06/12/20,09 14 57 67 70,2,3
06/16/20,21 23 33 35 42,6,3
06/19/20,11 34 36 52 66,7,2
06/23/20,06 20 37 40 48,15,3
06/26/20,19 33 37 56 57,6,2
06/30/20,09 16 29 37 53,11,2
07/03/20,20 40 44 45 50,24,2
07/07/20,16 20 25 30 43,18,3
07/10/20,10 15 20 49 53,22,5
07/14/20,06 26 55 56 64,22,4
07/17/20,12 13 21 46 57,21,3
07/21/20,14 25 26 41 43,15,3
07/24/20,08 33 39 54 58,17,3
07/28/20,17 20 27 31 34,19,4
07/31/20,12 35 46 48 69,23,2
08/04/20,02 22 30 42 62,20,3
08/07/20,04 44 53 64 70,3,2
08/11/20,08 22 29 43 56,9,4
08/14/20,03 24 29 42 47,13,2
08/18/20,04 18 26 27 58,23,4
08/21/20,11 15 31 42 63,14,2
08/25/20,08 10 15 17 57,12,3
08/28/20,03 09 50 53 64,1,3
09/01/20,15 25 26 38 47,22,4
09/04/20,19 22 24 28 53,25,3
09/08/20,07 10 15 31 57,21,2
09/11/20,03 15 42 48 56,13,2
09/15/20,25 28 38 59 62,22,4
09/18/20,26 29 41 52 64,11,3
09/22/20,36 43 44 55 68,12,4
09/25/20,20 36 37 48 67,16,2
09/29/20,14 39 43 44 67,19,3
10/02/20,09 38 47 49 68,25,2
10/06/20,15 16 18 39 59,17,3
10/09/20,05 11 25 27 64,13,2
10/13/20,11 44 45 46 70,25,2
10/16/20,27 32 50 52 57,12,5
10/20/20,46 54 57 58 66,10,3
10/23/20,18 34 44 60 69,22,2
10/27/20,06 13 34 46 62,1,3
10/30/20,14 19 34 39 59,11,2
11/03/20,07 31 44 45 55,19,3
11/06/20,18 24 27 34 60,2,2
11/10/20,23 45 53 58 62,13,5
11/13/20,06 07 14 28 59,7,2
11/17/20,08 13 35 46 68,16,3
11/20/20,26 33 45 61 68,17,3
11/24/20,09 15 34 61 64,6,2
11/27/20,04 10 27 35 58,10,2
12/01/20,07 33 53 61 65,14,2
12/04/20,03 19 24 44 50,8,3
12/08/20,15 19 33 39 68,25,3
12/11/20,19 31 37 55 67,25,4
12/15/20,01 10 18 20 46,15,2
12/18/20,07 15 25 51 60,5,3
12/22/20,29 53 56 59 67,21,2
12/25/20,17 23 36 69 70,19,2
12/29/20,01 31 35 48 62,19,3
01/01/21,08 24 53 68 69,7,5
01/05/21,20 43 51 55 57,4,2
01/08/21,03 06 16 18 58,11,2
01/12/21,12 14 26 28 33,9,2
01/15/21,03 11 12 38 43,15,4
01/19/21,10 19 26 28 50,16,2
01/22/21,04 26 42 50 60,24,2
01/26/21,29 49 56 66 67,24,3
01/29/21,04 44 58 59 70,3,3
02/02/21,13 37 38 40 67,10,2
02/05/21,14 17 28 29 44,2,4
02/09/21,07 18 21 31 40,9,4
02/12/21,05 14 24 25 27,14,3
02/16/21,01 36 44 54 66,10,3
02/19/21,27 32 47 50 53,4,4
02/23/21,05 07 09 20 57,15,3
02/26/21,11 15 37 62 64,5,2
03/02/21,04 08 13 34 64,18,2
03/05/21,10 11 17 27 54,20,2
03/09/21,04 33 46 58 65,13,2
03/12/21,02 24 25 31 65,18,4
03/16/21,10 41 46 52 69,8,2
03/19/21,09 14 40 58 69,8,3
03/23/21,12 23 35 38 55,11,2
03/26/21,04 25 37 46 67,15,3
03/30/21,11 37 47 53 56,15,3
04/02/21,10 42 48 53 62,19,2
04/06/21,01 19 20 32 42,17,3
04/09/21,22 26 27 58 66,12,2
04/13/21,10 15 19 45 68,9,4
04/16/21,17 27 28 50 55,25,4
04/20/21,06 23 43 49 52,5,3
04/23/21,04 28 29 30 60,25,3
04/27/21,15 22 30 41 42,25,4
04/30/21,08 19 26 48 49,5,3
05/04/21,04 27 32 57 63,22,3
05/07/21,05 10 19 21 50,10,4
05/11/21,07 08 20 36 39,22,3
05/14/21,03 18 41 44 68,3,2
05/18/21,03 05 56 61 66,4,2
05/21/21,06 09 17 18 48,8,3
05/25/21,14 21 31 34 54,11,3
05/28/21,10 14 20 47 70,15,2
06/01/21,07 11 33 58 63,23,2
06/04/21,04 30 34 41 64,8,3
06/08/21,09 22 39 41 54,19,3
06/11/21,04 43 56 63 68,13,4
06/15/21,18 22 27 38 52,11,4
06/18/21,14 36 44 46 53,18,2
06/22/21,01 26 48 51 59,25,4
06/25/21,17 20 42 45 65,12,4
06/29/21,07 38 50 52 69,21,3
07/02/21,08 31 32 34 45,19,2
07/06/21,18 47 63 68 69,14,3
07/09/21,06 37 39 41 46,17,2
07/13/21,03 10 17 26 55,24,2
07/16/21,24 25 47 52 57,24,4
07/20/21,10 26 30 52 57,10,2
07/23/21,13 17 19 40 69,17,3
07/27/21,02 35 36 54 64,11,3
07/30/21,19 26 31 52 68,10,3
08/03/21,01 09 17 27 34,24,2
08/06/21,09 18 40 46 69,9,2
08/10/21,29 45 50 59 62,12,2
08/13/21,17 21 35 40 53,11,2
08/17/21,03 06 16 38 56,24,3
08/20/21,41 43 51 57 70,1,2
08/24/21,17 18 26 52 67,19,2
08/27/21,01 10 44 47 56,23,3
08/31/21,08 14 31 58 68,15,3
09/03/21,07 10 12 61 65,3,2
09/07/21,15 17 25 32 53,12,3
09/10/21,20 32 35 47 64,18,2
09/14/21,04 13 19 63 64,16,2
09/17/21,17 32 40 59 61,18,3
09/21/21,36 41 45 51 56,13,3
09/24/21,17 21 27 43 56,15,3
09/28/21,18 30 43 68 69,22,4
10/01/21,21 25 36 62 63,6,2
10/05/21,07 11 18 30 36,4,3
10/08/21,21 24 36 40 70,22,5
10/12/21,21 26 56 61 65,4,3
10/15/21,03 20 31 34 65,18,3
10/19/21,03 12 13 19 52,1,3
10/22/21,09 14 26 29 66,22,3
10/26/21,06 14 19 56 62,9,4
10/29/21,15 26 28 35 45,4,3
11/02/21,05 10 26 58 65,9,2
11/05/21,10 15 20 66 68,18,2
11/09/21,09 14 16 26 49,14,3
11/12/21,30 32 42 46 48,15,2
11/16/21,06 22 44 53 65,3,3
11/19/21,05 23 52 53 59,18,5
11/23/21,07 24 54 57 58,6,3
11/26/21,07 27 37 42 59,2,2
11/30/21,07 08 26 30 39,17,2
12/03/21,22 45 48 58 61,13,5
12/07/21,01 07 40 43 68,1,2
12/10/21,23 25 40 42 60,8,2
12/14/21,33 35 44 55 69,20,3
12/17/21,21 32 38 48 62,10,3
12/21/21,25 31 58 64 67,24,3
12/24/21,16 17 25 36 37,16,2
12/28/21,03 05 08 31 38,4,3
12/31/21,02 05 30 46 61,8,3
01/04/22,04 06 16 21 22,1,3
01/07/22,07 29 43 56 57,6,3
01/11/22,02 03 19 52 58,16,2
01/14/22,05 08 13 22 48,25,2
01/18/22,04 19 39 42 52,9,4
01/21/22,38 45 46 55 67,18,2
01/25/22,03 12 38 53 58,13,3
01/28/22,03 16 25 44 55,13,3
02/01/22,11 24 38 62 66,1,4
02/04/22,07 16 34 44 61,24,4
02/08/22,01 17 20 52 54,2,3
02/11/22,11 16 23 24 30,24,3
02/15/22,02 04 15 21 63,19,3
02/18/22,06 11 50 63 68,17,4
02/22/22,06 17 22 57 62,3,3
02/25/22,15 31 40 56 66,4,3
03/01/22,18 22 38 39 50,18,2
03/04/22,11 19 28 46 47,5,4
03/08/22,07 18 38 58 64,24,3
03/11/22,24 28 39 44 66,25,3
03/15/22,09 14 28 59 60,24,5
03/18/22,02 06 25 40 45,5,4
03/22/22,08 15 21 27 61,8,3
03/25/22,03 13 42 51 58,17,2
03/29/22,07 22 36 45 47,12,2
04/01/22,26 42 47 48 63,21,5
04/05/22,22 43 60 63 64,18,2
04/08/22,08 11 29 32 40,2,3
04/12/22,02 08 14 20 31,17,2
04/15/22,04 17 20 46 64,23,4
04/19/22,02 09 33 47 53,24,3
04/22/22,07 28 29 58 59,10,3
04/26/22,05 07 19 46 69,2,4
04/29/22,09 11 34 49 66,15,2
05/03/22,15 19 27 35 57,17,2
05/06/22,16 21 33 52 70,10,2
05/10/22,15 19 20 61 70,6,3
05/13/22,11 41 43 44 65,13,3
05/17/22,07 21 24 41 65,24,4
05/20/22,33 40 59 60 69,22,3
05/24/22,03 05 06 63 68,25,3
05/27/22,03 14 40 53 54,8,3
05/31/22,06 15 41 63 64,24,4
06/03/22,11 16 22 48 59,11,4
06/07/22,04 34 40 41 53,3,4
06/10/22,03 12 14 18 32,4,5
06/14/22,30 37 38 42 58,22,2
06/17/22,20 36 53 56 69,16,2
06/21/22,08 13 18 32 42,20,3
06/24/22,01 07 11 25 56,14,2
06/28/22,07 12 21 43 55,11,2
07/01/22,01 27 29 38 62,12,3
07/05/22,27 31 50 51 61,21,4
07/08/22,20 36 61 62 69,20,3
07/12/22,04 07 10 45 64,12,2
07/15/22,08 20 26 53 64,15,5
07/19/22,02 31 32 37 70,25,3
07/22/22,14 40 60 64 66,16,3
07/26/22,07 29 60 63 66,15,3
07/29/22,13 36 45 57 67,14,2
08/02/22,10 14 25 37 63,14,3
08/05/22,02 05 29 64 69,18,3
08/09/22,01 08 10 25 32,13,3
08/12/22,23 24 50 54 64,3,3
08/16/22,33 35 41 45 51,1,2
08/19/22,12 18 24 46 65,3,4
08/23/22,03 05 47 48 67,7,2
08/26/22,06 27 30 38 64,23,2
08/30/22,02 38 55 57 65,17,3
09/02/22,39 40 52 60 67,20,2
09/06/22,06 17 46 59 68,2,4
09/09/22,16 21 54 55 69,22,2
09/13/22,14 25 38 59 64,21,4
09/16/22,15 30 35 38 66,12,4
09/20/22,09 21 28 30 52,10,5
09/23/22,05 50 53 58 64,22,4
09/27/22,08 14 24 43 51,9,3
09/30/22,16 26 37 40 51,6,4
10/04/22,15 18 25 33 38,25,2
10/07/22,06 11 29 36 55,21,2
10/11/22,03 07 11 13 38,1,3
10/14/22,09 22 26 41 44,19,2
10/18/22,01 15 20 44 67,23,3
10/21/22,34 36 43 45 68,22,2
10/25/22,21 30 35 45 66,21,3
10/28/22,04 18 31 53 69,7,2
11/01/22,05 09 15 16 17,25,3
11/04/22,02 20 47 55 59,19,2
11/08/22,05 13 29 38 59,23,4
11/11/22,01 05 17 37 70,22,3
11/15/22,06 19 28 46 61,18,2
11/18/22,02 14 16 38 66,9,4
11/22/22,13 23 24 25 43,2,3
11/25/22,29 31 46 54 67,18,2
11/29/22,20 23 37 46 52,6,4
12/02/22,01 21 36 46 52,16,3
12/06/22,15 16 19 28 47,13,3
12/09/22,08 19 53 61 69,19,4
12/13/22,14 22 48 58 68,6,2
12/16/22,08 35 40 53 56,11,3
12/20/22,03 04 33 36 52,17,4
12/23/22,15 21 32 38 62,8,4
12/27/22,09 13 36 59 61,11,2
12/30/22,01 03 06 44 51,7,3
01/03/23,25 29 33 41 44,18,4
01/06/23,03 20 46 59 63,13,3
01/10/23,07 13 14 15 18,9,3
01/13/23,30 43 45 46 61,14,2
01/17/23,02 12 18 24 39,18,3
01/20/23,20 29 31 64 66,17,4
01/24/23,33 41 47 50 62,20,4
01/27/23,04 43 46 47 61,22,4
01/31/23,07 09 18 29 39,13,4
02/03/23,01 04 50 54 59,17,2
02/07/23,09 15 46 55 57,4,2
02/10/23,20 29 30 52 58,19,3
02/14/23,23 24 35 40 43,1,3
02/17/23,02 33 38 57 70,13,3
02/21/23,02 15 30 36 63,24,2
02/24/23,02 22 49 65 67,7,4
02/28/23,14 16 40 52 59,13,2
03/03/23,08 25 36 39 67,11,4
03/07/23,15 22 25 28 69,21,4
03/10/23,09 20 59 60 63,5,2
03/14/23,01 07 23 38 55,2,3
03/17/23,26 28 29 39 49,25,3
03/21/23,01 21 25 27 40,11,2
03/24/23,14 17 33 42 66,15,3
03/28/23,02 03 18 32 68,24,4
03/31/23,16 26 27 42 61,23,4
04/04/23,01 37 45 62 64,4,3
04/07/23,12 32 49 51 66,21,2
04/11/23,31 35 53 54 55,24,3
04/14/23,23 27 41 48 51,22,2
04/18/23,07 09 15 19 25,4,2
04/21/23,03 21 29 46 63,9,3
04/25/23,08 29 46 47 48,12,2
04/28/23,18 38 53 62 64,20,3
05/02/23,03 15 16 32 41,9,2
05/05/23,16 18 28 42 43,11,3
05/09/23,04 37 46 48 51,19,3
05/12/23,01 02 23 40 45,15,3
05/16/23,15 34 36 69 70,17,3
05/19/23,05 11 41 44 55,14,2
05/23/23,03 10 22 65 66,19,2
05/26/23,12 20 37 41 64,1,3
05/30/23,13 16 40 64 68,21,2
06/02/23,03 16 19 36 60,25,2
06/06/23,06 12 23 29 57,4,2
06/09/23,03 19 53 60 68,13,3
06/13/23,08 10 19 44 47,4,4
06/16/23,04 24 34 45 57,19,3
06/20/23,06 37 39 45 46,21,4
06/23/23,13 62 65 67 69,14,5
06/27/23,08 34 35 41 52,12,4
06/30/23,13 22 47 51 55,9,3
07/04/23,21 33 54 61 67,12,3
07/07/23,08 10 17 55 66,3,3
07/11/23,10 17 33 51 64,5,2
07/14/23,10 24 48 51 66,15,2
07/18/23,19 22 31 37 54,18,4
07/21/23,29 40 47 50 57,25,2
07/25/23,03 05 06 44 61,25,4
07/28/23,05 10 28 52 63,18,5
08/01/23,08 24 30 45 61,12,4
08/04/23,11 30 45 52 56,20,2
08/08/23,13 19 20 32 33,14,2
08/11/23,08 09 18 35 41,18,3
08/15/23,18 39 42 57 63,7,3
08/18/23,10 20 29 44 66,11,3
08/22/23,01 12 26 36 50,7,2
08/25/23,12 23 26 31 38,2,2
08/29/23,09 39 52 61 63,25,3
09/01/23,10 31 42 43 55,8,2
09/05/23,03 43 50 51 65,13,2
09/08/23,03 12 17 51 62,1,3
09/12/23,02 14 21 42 67,18,5
09/15/23,05 13 29 50 53,25,3
09/19/23,06 09 13 29 66,24,2
09/22/23,10 13 14 57 66,3,2
09/26/23,15 30 35 42 60,16,4
09/29/23,18 40 47 55 64,11,4
10/03/23,03 19 32 39 59,24,3
10/06/23,12 24 46 57 66,22,3
10/10/23,03 08 17 46 63,7,4
10/13/23,06 18 44 46 68,18,3
10/17/23,05 06 29 32 61,20,4
10/20/23,07 29 36 49 61,22,4
10/24/23,16 20 30 54 59,7,3
10/27/23,11 32 43 57 70,6,4
10/31/23,14 35 37 55 70,15,3
11/03/23,15 32 38 47 65,12,4
11/07/23,03 11 33 42 52,20,2
11/10/23,13 33 59 68 70,8,3
11/14/23,29 35 59 61 69,22,4
11/17/23,06 12 31 33 69,17,3
11/21/23,17 22 25 30 38,24,4
11/24/23,06 15 45 59 68,1,4
11/28/23,27 37 42 59 61,11,3
12/01/23,12 47 49 52 65,12,4
12/05/23,18 35 40 64 67,18,4
12/08/23,21 26 53 66 70,13,3
12/12/23,08 23 44 45 53,3,4
12/15/23,10 20 28 40 54,12,2
12/19/23,17 26 50 58 61,11,3
12/22/23,10 26 36 54 69,4,4
12/26/23,08 10 22 58 64,21,3
12/29/23,11 27 30 62 70,10,3
01/02/24,03 18 27 29 64,1,2
01/05/24,05 23 26 38 44,25,3
01/09/24,12 15 32 33 53,24,3
01/12/24,19 34 35 45 67,7,3
01/16/24,02 10 42 49 54,13,2
01/19/24,01 09 16 17 30,17,2
01/23/24,21 28 58 69 70,20,2
01/26/24,14 31 34 50 61,13,3
01/30/24,03 05 16 58 59,11,4
02/02/24,11 22 42 64 69,18,3
02/06/24,02 10 31 44 57,10,4
02/09/24,17 22 29 46 69,1,3
02/13/24,01 03 19 25 58,20,3
02/16/24,19 23 39 42 67,18,4
02/20/24,05 45 55 58 68,7,2
02/23/24,04 06 40 41 60,11,5
02/27/24,06 18 26 27 49,4,3
03/01/24,15 33 37 55 61,24,4
03/05/24,02 49 50 61 70,14,2
03/08/24,19 20 22 47 58,1,3
03/12/24,02 16 31 57 64,24,3
03/15/24,13 25 50 51 66,6,5
03/19/24,24 46 49 62 66,7,2
03/22/24,03 08 31 35 44,16,3
03/26/24,07 11 22 29 38,4,2
03/29/24,11 30 33 38 60,16,4
04/02/24,10 50 56 60 66,19,3
04/05/24,20 30 54 63 65,14,3
04/09/24,34 43 51 52 69,25,4
04/12/24,01 12 14 18 66,16,2
04/16/24,21 26 36 44 59,2,4
04/19/24,19 30 34 46 58,3,3
04/23/24,11 17 33 39 43,14,4
04/26/24,15 23 53 57 61,9,3
04/30/24,10 18 27 37 61,5,3
05/03/24,06 13 15 53 56,11,2
05/07/24,26 28 36 63 66,15,3
05/10/24,13 22 26 32 65,18,4
05/14/24,13 19 43 62 64,6,3
05/17/24,08 17 40 60 70,3,2
05/21/24,02 05 08 28 69,14,2
05/24/24,46 54 56 67 70,16,3
05/28/24,12 18 48 57 62,4,5
05/31/24,04 11 23 33 49,23,4
06/04/24,19 37 40 63 69,17,3
06/07/24,03 05 12 22 66,7,4
06/11/24,01 05 07 22 24,8,4
06/14/24,01 25 26 31 65,2,3
06/18/24,21 22 50 55 67,20,2
06/21/24,03 18 27 40 44,19,4
06/25/24,03 16 27 47 62,8,4
06/28/24,28 31 33 42 66,24,3
07/02/24,04 08 19 31 45,11,4
07/05/24,06 15 32 54 67,4,3
07/09/24,21 26 54 60 64,3,3
07/12/24,15 35 48 53 68,8,3
07/16/24,05 35 42 58 66,22,2
07/19/24,10 17 23 50 67,3,3
07/23/24,03 09 14 26 51,21,4
07/26/24,02 14 33 58 65,3,3
07/30/24,19 23 30 33 50,25,2
08/02/24,06 07 24 44 54,13,4
08/06/24,23 29 36 61 70,22,4
08/09/24,12 32 38 40 57,21,2
08/13/24,34 55 59 65 70,12,4
08/16/24,22 38 48 51 61,5,3
08/20/24,05 20 26 49 51,24,4
08/23/24,28 30 44 66 69,2,3
08/27/24,16 18 21 54 65,5,2
08/30/24,10 17 20 24 54,8,4
09/03/24,12 41 43 52 55,9,4
09/06/24,06 23 41 59 63,25,2
09/10/24,01 02 16 24 66,6,4
09/13/24,21 55 56 57 66,1,3
09/17/24,14 31 48 57 64,9,3
09/20/24,20 21 40 49 55,11,3
09/24/24,01 06 10 23 27,18,5
09/27/24,29 46 53 69 70,23,2
10/01/24,27 35 47 50 66,25,2
10/04/24,21 39 42 43 45,3,2
10/08/24,03 19 20 22 66,9,3
10/11/24,03 10 29 52 57,20,3
10/15/24,22 34 44 54 62,3,3
10/18/24,04 09 26 39 58,23,4
10/22/24,08 43 48 58 60,4,3
10/25/24,23 26 35 41 43,7,2
10/29/24,16 22 26 36 56,1,4
11/01/24,11 22 42 46 51,4,2
11/05/24,02 24 25 52 58,9,2
11/08/24,25 28 42 64 69,19,3
11/12/24,18 31 33 64 68,17,3
11/15/24,05 17 35 55 69,19,2
11/19/24,05 35 50 51 59,8,4
11/22/24,13 20 26 32 65,2,2
11/26/24,05 22 24 39 42,3,3
11/29/24,03 29 34 37 38,17,2
12/03/24,52 60 61 66 67,23,4
12/06/24,16 21 33 39 45,24,2
12/10/24,12 14 26 48 52,21,5
12/13/24,36 43 52 58 65,16,3
12/17/24,56 66 67 68 69,18,4
12/20/24,02 20 51 56 67,19,2
12/24/24,11 14 38 45 46,3,3
12/27/24,03 07 37 49 55,6,3
12/31/24,13 22 27 29 35,1,2
01/03/25,20 42 46 59 69,19,4
01/07/25,20 24 33 39 48,18,2
01/10/25,09 23 39 65 66,22,3
01/14/25,04 14 35 49 62,6,3
01/17/25,08 10 37 54 69,22,3
01/21/25,27 30 56 64 65,22,4
01/24/25,08 12 43 52 62,18,2
01/28/25,10 19 31 47 56,6,5
01/31/25,09 28 48 56 63,2,2
02/04/25,14 24 31 53 54,1,3
02/07/25,04 24 32 41 55,16,2
02/11/25,07 30 39 41 70,13,3
02/14/25,11 19 31 49 56,16,3
02/18/25,01 20 25 58 61,22,2
02/21/25,01 13 28 37 46,10,2
02/25/25,04 08 11 32 52,13,2
02/28/25,09 19 30 35 66,16,3
03/04/25,14 19 47 52 70,6,2
03/07/25,08 20 48 58 60,7,3
03/11/25,01 19 26 38 69,15,3
03/14/25,03 17 39 42 70,1,3
03/18/25,27 28 31 32 33,24,3
03/21/25,15 22 31 52 57,2,3
03/25/25,01 05 17 39 62,8,2
03/28/25,02 09 31 60 63,23,5
04/01/25,11 12 21 29 49,3,2
04/04/25,11 28 35 37 69,25,2
04/08/25,10 16 50 60 61,17,
04/11/25,15 37 38 56 58,19,
04/15/25,06 10 13 24 63,2,
04/18/25,05 13 15 17 28,1,
04/22/25,25 39 49 52 65,22,
04/25/25,38 40 60 62 70,9,
04/29/25,16 33 40 51 57,10,
05/02/25,14 37 40 41 68,2,
05/06/25,16 17 43 46 58,16,
05/09/25,09 10 12 48 60,16,
05/13/25,06 29 33 47 68,20,
05/16/25,02 22 42 62 66,14,
05/20/25,18 30 33 55 64,11,
05/23/25,07 18 40 55 68,18,
05/27/25,06 28 34 48 62,9,
05/30/25,02 28 37 38 58,13,
06/03/25,16 24 29 36 45,13,
06/06/25,16 40 54 56 57,3,
06/10/25,10 11 14 38 45,24,
06/13/25,08 10 22 40 47,1,
06/17/25,16 23 39 46 55,12,
06/20/25,26 49 58 61 63,9,
06/24/25,10 11 18 24 60,20,
06/27/25,18 21 29 42 50,2,
07/01/25,19 28 31 39 54,5,
07/04/25,17 20 24 41 42,24,
07/08/25,04 06 38 44 62,24,
07/11/25,12 23 24 31 56,1,
07/15/25,06 10 24 35 43,1,
07/18/25,11 43 54 55 63,3,
07/22/25,22 41 42 59 69,17,
07/25/25,14 21 25 49 52,7,
07/29/25,17 30 34 63 67,11,
08/01/25,18 27 29 33 70,22,
08/05/25,12 27 42 59 65,2,
08/08/25,02 06 08 14 49,12,
08/12/25,01 08 31 56 67,23,
08/15/25,04 17 27 34 69,16,
08/19/25,10 19 24 49 68,10,
08/22/25,18 30 44 48 50,12,
08/26/25,07 12 30 40 69,17,
08/29/25,13 31 32 44 45,21,
09/02/25,07 17 35 40 64,23,
09/05/25,06 14 36 58 62,24,
09/09/25,06 43 52 64 65,22,
09/12/25,17 18 21 42 64,7,
09/16/25,10 14 34 40 43,5,
09/19/25,02 22 27 42 58,8,
09/23/25,13 24 41 42 70,18,
09/26/25,04 21 27 33 49,21,
09/30/25,04 08 27 37 63,14,
10/03/25,18 19 38 54 57,19,
10/07/25,17 26 33 45 56,19,
10/10/25,03 18 23 32 56,8,
10/14/25,12 22 49 57 58,19,
10/17/25,09 21 27 48 56,10,
10/21/25,02 18 27 34 59,18,
10/24/25,11 18 31 51 56,24,
10/28/25,02 19 33 53 61,14,
10/31/25,02 24 52 66 68,9,
11/04/25,11 14 17 50 57,6,
11/07/25,16 21 23 48 70,5,
11/11/25,10 13 40 42 46,1,
11/14/25,01 08 11 12 57,7,
11/18/25,05 10 23 27 30,10,
11/21/25,03 04 19 31 63,9,
11/25/25,11 15 31 32 59,18,
11/28/25,06 07 13 39 48,4,
12/02/25,17 25 26 53 60,16,
12/05/25,34 38 42 44 69,8,
12/09/25,19 32 41 49 66,6,
12/12/25,10 50 55 58 59,5,
12/16/25,20 24 46 59 65,7,
12/19/25,01 11 27 39 59,18,
12/23/25,15 37 38 41 64,21,
12/26/25,09 19 31 63 64,7,
12/30/25,18 43 49 63 69,6,
01/02/26,06 13 34 43 52,4,
01/06/26,09 39 47 58 68,24,
01/09/26,12 30 36 42 47,16,
01/13/26,16 40 56 64 66,4,
01/16/26,02 22 33 42 67,1,
01/20/26,08 47 50 56 70,12,
01/23/26,30 42 49 53 66,4,
01/27/26,04 20 38 56 66,5,
01/30/26,11 34 36 43 63,13,
02/03/26,05 11 22 25 69,21,
02/06/26,13 21 25 52 62,19,
02/10/26,05 25 30 36 68,6,
02/13/26,34 40 49 59 68,1,
02/17/26,03 37 44 52 63,14,
02/20/26,15 40 48 58 63,2,
02/24/26,12 39 43 49 55,23,
02/27/26,11 18 39 43 67,23,
03/03/26,07 21 53 54 62,16,
03/06/26,08 19 26 38 42,24,
03/10/26,16 21 30 35 65,7,
03/13/26,06 19 36 40 55,9,
03/17/26,04 11 18 38 50,24,
03/20/26,11 20 51 55 63,4,